ATT&CK ID,ATT&CK 기법명,Cloud 범위,현재 요약설명(참고용),세부위협명(입력),요약설명(입력),참조(입력)
T1583.001,Domains,Cloud 외 연관,"공격자는 공격 대상 선정과 공격 과정에서 사용할 도메인을 확보할 수 있다. 도메인 이름은 하나 이상의 IP 주소를 나타내는 사람이 읽을 수 있는 이름이며, 구매하거나 경우에 따라 무료로 확보할 수 있다.",,,
T1190,Exploit Public-Facing Application,혼합,"공격자는 인터넷에 노출된 호스트나 시스템의 약점을 익스플로잇해 네트워크에 처음 접근하려 할 수 있다. 시스템의 약점은 소프트웨어 버그, 일시적인 오류, 잘못된 구성일 수 있다.",,,
T1133,External Remote Services,Cloud 외 연관,"공격자는 외부에 노출된 원격 서비스를 이용해 네트워크에 처음 접근하거나 지속성을 유지할 수 있다. VPN, Citrix 등 원격 서비스와 접근 방식은 사용자가 외부에서 내부 기업 네트워크 리소스에 연결할 수 있게 한다. 이런 서비스의 연결과 자격 증명 인증을 관리하는 원격 서비스 게이트웨이가 있는 경우가 많다. Windows Remote Management나 VNC 같은 서비스도 외부에서 사용할 수 있다.",,,
T1566,Phishing (일반·상위기법),혼합,"공격자는 피해 시스템에 접근하기 위해 피싱 메시지를 보낼 수 있다. 모든 형태의 피싱은 전자적으로 전달되는 사회공학 공격이다. 피싱은 특정 대상을 노릴 수 있으며 이를 스피어피싱이라고 한다. 스피어피싱에서 공격자는 특정 개인, 회사, 산업을 노린다. 더 일반적으로는 대량 악성코드 스팸 캠페인처럼 대상을 정하지 않은 피싱을 수행할 수도 있다.",,,
T1566.002,Spearphishing Link,혼합,"공격자는 피해 시스템에 접근하기 위해 악성 링크가 담긴 스피어피싱 이메일을 보낼 수 있다. 링크를 이용한 스피어피싱은 스피어피싱의 한 변형이다. 이메일 첨부 파일을 검사하는 방어를 피하려고, 악성 파일을 이메일에 직접 첨부하는 대신 이메일에 포함된 링크로 악성코드를 내려받게 한다는 점에서 다른 스피어피싱과 다르다. 신뢰할 수 있는 출처를 사칭하는 것 같은 사회공학 기법이 함께 쓰일 수 있다.",,,
T1566.004,Spearphishing Voice,혼합,공격자는 음성 통신을 이용해 결국 피해 시스템에 접근할 수 있다. 음성 스피어피싱은 스피어피싱의 한 변형이다. 전화 통화나 기타 음성 통신으로 사용자를 조종해 시스템 접근 권한을 제공하게 만든다는 점에서 다른 스피어피싱과 다르다. 스피어피싱에는 신뢰할 수 있는 출처 사칭(예: 사칭(Impersonation))이나 수신자에게 긴박감이나 경각심을 불러일으키는 사회공학 기법이 자주 쓰인다.,,,
T1195.002,Compromise Software Supply Chain,Cloud 외 연관,"공격자는 데이터나 시스템을 침해할 목적으로 최종 소비자가 받기 전에 애플리케이션 소프트웨어를 조작할 수 있다. 소프트웨어 공급망 침해는 애플리케이션 소스 코드 조작, 해당 소프트웨어의 업데이트·배포 방식 조작, 컴파일된 릴리스를 변조된 버전으로 바꾸기 등 여러 방식으로 일어날 수 있다.",,,
T1199,Trusted Relationship,혼합,"공격자는 목표 피해자에 접근할 수 있는 조직을 침해하거나 이용할 수 있다. 신뢰하는 제3자 관계를 통한 접근은, 네트워크에 접근하는 일반적인 방식보다 보호가 약하거나 감시를 덜 받는 기존 연결을 악용한다.",,,
T1078.001,Default Accounts,혼합,"공격자는 초기 접근(Initial Access), 지속성(Persistence), 권한 상승(Privilege Escalation), 방어 회피(Defense Evasion)를 위해 기본 계정의 자격 증명을 획득해 악용할 수 있다. 기본 계정은 Windows 시스템의 Guest나 Administrator 계정처럼 운영체제에 내장된 계정이다. 다른 유형의 시스템, 소프트웨어, 장비에 공장 또는 제공자가 기본으로 설정한 계정도 기본 계정에 포함되며, AWS의 루트 사용자 계정, ESXi의 루트 사용자 계정, Kubernetes의 기본 서비스 계정 등이 있다.",,,
T1078.004,Cloud Accounts,Cloud 전용,"클라우드 환경의 유효한 계정을 이용하면 공격자가 초기 접근(Initial Access), 지속성(Persistence), 권한 상승(Privilege Escalation), 방어 회피(Defense Evasion)를 위한 작업을 수행할 수 있다. 클라우드 계정은 조직이 클라우드 서비스 제공자나 SaaS 애플리케이션 안에서 사용자, 원격 지원, 서비스 또는 리소스 관리 용도로 만들고 구성한 계정이다. 클라우드 계정은 클라우드에만 존재할 수도 있고, Windows Active Directory 같은 다른 ID 소스와의 동기화나 페더레이션을 통해 온프레미스 시스템과 클라우드에 하이브리드로 연결될 수도 있다.",,,
T1651,Cloud Administration Command,Cloud 전용,"공격자는 클라우드 관리 서비스를 악용해 가상 머신 안에서 명령을 실행할 수 있다. AWS Systems Manager, Azure RunCommand, Runbook 같은 리소스는 설치된 가상 머신 에이전트를 이용해 가상 머신에서 원격으로 스크립트를 실행할 수 있게 한다.",,,
T1059.009,Cloud API,Cloud 전용,"공격자는 클라우드 API를 악용해 악성 명령을 실행할 수 있다. 클라우드 환경의 API는 다양한 기능을 제공하며, 테넌트의 거의 모든 요소에 프로그래밍 방식으로 접근할 수 있는 기능이 풍부한 수단이다. 이러한 API는 명령줄 인터페이스(CLI), 브라우저 내 Cloud Shell, Azure for PowerShell 같은 PowerShell 모듈, Python 등의 언어용 소프트웨어 개발 키트(SDK) 등 여러 방법으로 사용할 수 있다.",,,
T1609,Container Administration Command,Cloud 외 연관,"공격자는 컨테이너 관리 서비스를 악용해 컨테이너 안에서 명령을 실행할 수 있다. Docker 데몬, Kubernetes API 서버, kubelet 같은 컨테이너 관리 서비스는 환경 안의 컨테이너를 원격으로 관리할 수 있게 한다.",,,
T1610,Deploy Container,Cloud 외 연관,공격자는 실행을 쉽게 하거나 방어를 회피하기 위해 환경에 컨테이너를 배포할 수 있다. 특정 이미지나 배포와 관련된 프로세스(예: 악성코드를 실행하거나 내려받는 프로세스)를 실행하려고 새 컨테이너를 배포하는 경우가 있다. 또는 환경의 기존 방어를 우회하려고 네트워크 규칙이나 사용자 제한 등이 없는 새 컨테이너를 배포할 수도 있다. Kubernetes 환경에서는 호스트로 탈출(Escape to Host)해 노드에서 실행 중인 다른 컨테이너에 접근하려고 특정 노드에 권한 있는 컨테이너나 취약한 컨테이너를 배포하려 할 수 있다.,,,
T1677,Poisoned Pipeline Execution,Cloud 전용,공격자는 빌드 과정에 악성 코드를 주입해 CI/CD(지속적 통합·지속적 개발) 프로세스를 조작할 수 있다. 파이프라인을 오염시키는 방식에는 다음과 같은 것들이 있다 (세부 항목은 참조 열 참조),,,
T1053,Scheduled Task/Job (일반·상위기법),Cloud 외 연관,공격자는 작업 예약 기능을 악용해 악성 코드를 처음 또는 반복적으로 실행할 수 있다. 주요 운영체제에는 모두 지정한 날짜와 시간에 프로그램이나 스크립트를 실행하도록 예약하는 유틸리티가 있다. 적절한 인증을 충족하면 원격 시스템에도 작업을 예약할 수 있다(예: Windows 환경의 RPC와 파일 및 프린터 공유). 원격 시스템에 작업을 예약하려면 보통 해당 시스템의 관리자 그룹이나 기타 권한 있는 그룹의 구성원이어야 한다.,,,
T1053.007,Container Orchestration Job,Cloud 외 연관,"공격자는 Kubernetes 같은 컨테이너 오케스트레이션 도구의 작업 예약 기능을 악용해 악성 코드를 실행하도록 구성된 컨테이너의 배포를 예약할 수 있다. 컨테이너 오케스트레이션 작업(job)은 Linux 시스템의 cron 작업처럼 지정한 날짜와 시간에 자동화된 작업을 실행한다. 이런 배포는 일정 수의 컨테이너를 계속 유지하도록 구성할 수도 있어, 클러스터 안에서 지속성을 유지하는 과정을 자동화할 수 있다.",,,
T1648,Serverless Execution,Cloud 전용,"공격자는 서버리스 컴퓨팅, 통합, 자동화 서비스를 악용해 클라우드 환경에서 임의의 코드를 실행할 수 있다. 많은 클라우드 제공자가 컴퓨팅 엔진, 애플리케이션 통합 서비스, 웹 서버 등 다양한 서버리스 리소스를 제공한다.",,,
T1072,Software Deployment Tools,혼합,"공격자는 기업 안에 설치된 중앙 집중식 소프트웨어 제품군에 접근해 명령을 실행하고 네트워크를 통해 측면 이동할 수 있다. 구성 관리 및 소프트웨어 배포 애플리케이션은 일상적인 관리 목적으로 기업 네트워크나 클라우드 환경에서 쓰이며 CI/CD 파이프라인과 통합되기도 한다. 이러한 솔루션의 예로는 SCCM, HBSS, Altiris, AWS Systems Manager, Microsoft Intune, Azure Arc, GCP Deployment Manager가 있다.",,,
T1204.003,Malicious Image,혼합,"공격자는 실행을 위해 사용자가 악성 이미지를 실행하는 것에 의존할 수 있다. AWS의 AMI(Amazon Machine Image), GCP 이미지, Azure 이미지와 Docker 같은 대중적인 컨테이너 런타임 이미지에 백도어를 심을 수 있다. 백도어가 심어진 이미지는 악성코드 업로드(Upload Malware)로 공개 저장소에 올라갈 수 있고, 사용자는 이미지가 악성인 줄 모르고 내려받아 인스턴스나 컨테이너를 배포할 수 있으므로 초기 접근(Initial Access)용 기법을 따로 쓰지 않아도 된다. 그 결과 인스턴스나 컨테이너에서 암호화폐 채굴 코드 같은 악성 코드가 실행될 수 있다.",,,
T1098.001,Additional Cloud Credentials,Cloud 전용,공격자는 환경 안의 피해 계정과 인스턴스에 대한 지속적인 접근을 유지하기 위해 클라우드 계정에 공격자가 제어하는 자격 증명을 추가할 수 있다.,,,
T1098.002,Additional Email Delegate Permissions,혼합,공격자는 자신이 제어하는 이메일 계정에 대한 지속적인 접근을 유지하기 위해 추가 권한 수준을 부여할 수 있다.,,,
T1098.003,Additional Cloud Roles,Cloud 전용,공격자는 테넌트에 대한 지속적인 접근을 유지하기 위해 자신이 제어하는 클라우드 계정에 역할이나 권한을 추가할 수 있다. 예를 들어 클라우드 환경에서 IAM 정책을 수정하거나 Office 365 환경에 새 전역 관리자를 추가할 수 있다. 권한이 충분하면 침해된 계정이 데이터와 설정에 거의 무제한으로 접근할 수 있다(다른 관리자의 비밀번호 재설정 포함).,,,
T1098.004,SSH Authorized Keys,혼합,"공격자는 SSH authorized_keys 파일을 수정해 피해 호스트에서 지속성을 유지할 수 있다. Linux 배포판, macOS, ESXi 하이퍼바이저는 원격 관리용 SSH 세션의 인증 과정을 보호하기 위해 보통 키 기반 인증을 사용한다. SSH의 authorized_keys 파일은 해당 파일이 설정된 사용자 계정에 로그인할 때 쓸 수 있는 SSH 키를 지정한다. 이 파일은 보통 사용자 홈 디렉터리의 <user-home>/.ssh/authorized_keys에 있다(ESXi는 /etc/ssh/keys-<username>/authorized_keys). 사용자는 시스템의 SSH 설정 파일에서 PubkeyAuthentication과 RSAAuthentication 지시어를 yes로 바꿔 공개 키 인증과 RSA 인증을 활성화하고, PermitRootLogin 지시어를 yes로 바꿔 SSH를 통한 root 인증을 허용할 수 있다. SSH 설정 파일은 보통 /etc/ssh/sshd_config에 있다.",,,
T1098.005,Device Registration,혼합,"공격자는 자신이 제어하는 계정에 장치를 등록할 수 있다. 장치는 네트워크 인증을 처리하는 다중 인증(MFA) 시스템이나, 장치 접근과 규정 준수를 관리하는 장치 관리 시스템에 등록될 수 있다.",,,
T1671,Cloud Application Integration,Cloud 전용,"공격자는 SaaS 환경의 OAuth 애플리케이션 통합을 이용해 지속성을 확보할 수 있다. 사용자 지정 애플리케이션을 만들거나, 정상 애플리케이션을 환경에 추가하거나, 기존 통합을 장악해 악의적 목적을 달성할 수 있다.",,,
T1136.003,Cloud Account,Cloud 전용,"공격자는 피해 시스템에 대한 접근을 유지하기 위해 클라우드 계정을 만들 수 있다. 접근 수준이 충분하면, 시스템에 지속적인 원격 접근 도구를 배포하지 않고도 자격 증명 기반의 보조 접근 경로를 확보하는 데 이런 계정을 쓸 수 있다.",,,
T1543.005,Container Service,Cloud 외 연관,"공격자는 개별 호스트에서 데몬, 에이전트, 서비스로 실행되는 컨테이너·컨테이너 클러스터 관리 도구를 만들거나 수정할 수 있다. 여기에는 Docker, Podman 같은 컨테이너 생성·관리 소프트웨어와 kubelet 같은 클러스터 노드 에이전트가 포함된다. 이러한 서비스를 수정하면 호스트에서 지속성을 확보하거나 권한을 높일 수 있다.",,,
T1546,Event Triggered Execution,혼합,공격자는 특정 이벤트를 계기로 실행을 일으키는 시스템 메커니즘을 이용해 지속성을 확보하거나 권한을 높일 수 있다. 여러 운영체제에는 로그온이나 특정 애플리케이션·바이너리 실행 같은 사용자 활동 이벤트를 모니터링하고 구독하는 수단이 있다. 클라우드 환경도 특정 클라우드 이벤트를 모니터링하고 이에 대응해 호출되는 다양한 함수와 서비스를 지원할 수 있다.,,,
T1525,Implant Internal Image,혼합,"공격자는 환경에 접근한 뒤 지속성을 확보하기 위해 클라우드 이미지나 컨테이너 이미지에 악성 코드를 심을 수 있다. AWS의 AMI(Amazon Machine Image), GCP 이미지, Azure 이미지와 Docker 같은 대중적인 컨테이너 런타임 이미지에 악성 코드나 백도어를 심을 수 있다. 악성코드 업로드(Upload Malware)와 달리 이 기법은 공격자가 피해자 환경의 레지스트리에 이미지를 심는 데 초점을 둔다. 인프라 프로비저닝 방식에 따라, 프로비저닝 도구가 항상 최신 이미지를 쓰도록 설정되어 있으면 지속적인 접근을 제공할 수 있다.",,,
T1556.006,Multi-Factor Authentication,혼합,공격자는 침해한 계정에 지속적으로 접근하기 위해 다중 인증(MFA) 메커니즘을 비활성화하거나 수정할 수 있다.,,,
T1556.007,Hybrid Identity,혼합,"공격자는 일반 인증 메커니즘을 우회하고, 자격 증명에 접근하고, 계정에 지속적으로 접근하기 위해 온프레미스 사용자 ID와 연결된 클라우드 인증 절차에 패치를 적용하거나, 이를 수정하거나, 백도어를 심을 수 있다.",,,
T1556.009,Conditional Access Policies,Cloud 전용,공격자는 침해한 계정에 지속적으로 접근하기 위해 조건부 액세스 정책을 비활성화하거나 수정할 수 있다. 조건부 액세스 정책은 ID 공급자와 ID·접근 관리 시스템이 사용자에게 리소스 접근을 허용할지 판단할 때 쓰는 추가 검증이다.,,,
T1137.001,Office Template Macros,혼합,공격자는 Microsoft Office 템플릿을 악용해 침해한 시스템에서 지속성을 확보할 수 있다. Microsoft Office에는 일반 Office 애플리케이션에 포함되어 스타일을 사용자 지정하는 데 쓰이는 템플릿이 있다. 애플리케이션의 기본 템플릿은 애플리케이션이 시작될 때마다 사용된다.,,,
T1137.002,Office Test,혼합,"공격자는 Microsoft Office의 Office Test 레지스트리 키를 악용해 침해한 시스템에서 지속성을 확보할 수 있다. Office Test 레지스트리 위치를 이용하면 Office 애플리케이션이 시작될 때마다 실행될 임의의 DLL을 지정할 수 있다. 이 레지스트리 키는 Microsoft가 Office 애플리케이션을 개발하면서 테스트와 디버깅용 DLL을 불러오는 데 쓰는 것으로 알려져 있으며, Office 설치 시 기본으로 생성되지는 않는다.",,,
T1137.003,Outlook Forms,혼합,"공격자는 Microsoft Outlook 양식(form)을 악용해 침해한 시스템에서 지속성을 확보할 수 있다. Outlook 양식은 Outlook 메시지의 표시와 기능을 정의하는 템플릿으로 쓰인다. 사용자 지정 Outlook 양식을 만들어 두면, 공격자가 같은 사용자 지정 양식을 이용해 특수하게 만든 이메일을 보낼 때 코드가 실행되게 할 수 있다.",,,
T1137.004,Outlook Home Page,혼합,"공격자는 Microsoft Outlook의 홈페이지 기능을 악용해 침해한 시스템에서 지속성을 확보할 수 있다. Outlook 홈페이지는 Outlook 폴더의 표시 방식을 사용자 지정하는 레거시 기능으로, 폴더를 열 때마다 내부 또는 외부 URL을 불러와 표시할 수 있다. Outlook 홈페이지가 불러올 때 코드가 실행되도록 악성 HTML 페이지를 만들 수 있다.",,,
T1137.005,Outlook Rules,혼합,공격자는 Microsoft Outlook 규칙을 악용해 침해한 시스템에서 지속성을 확보할 수 있다. Outlook 규칙은 사용자가 이메일 메시지를 관리하는 자동 동작을 정의할 수 있게 한다. 예를 들어 정상적인 규칙은 특정 발신자의 이메일에 특정 단어가 있으면 Outlook의 특정 폴더로 자동 이동시킬 수 있다. 공격자가 특수하게 만든 이메일을 해당 사용자에게 보내면 코드가 실행되도록 악성 Outlook 규칙을 만들 수 있다.,,,
T1137.006,Add-ins,혼합,"공격자는 Microsoft Office 추가 기능(add-in)을 악용해 침해한 시스템에서 지속성을 확보할 수 있다. Office 추가 기능은 Office 프로그램에 기능을 더하는 데 쓰인다. 여러 Office 제품에서 쓸 수 있는 추가 기능 유형은 다양하며, Word/Excel 추가 기능 라이브러리(WLL/XLL), VBA 추가 기능, Office COM(Component Object Model) 추가 기능, 자동화 추가 기능, VBA 편집기(VBE), VSTO(Visual Studio Tools for Office) 추가 기능, Outlook 추가 기능 등이 있다.",,,
T1548.005,Temporary Elevated Cloud Access,Cloud 전용,"공격자는 클라우드 리소스에 대한 일시적으로 높은 접근 권한을 얻을 수 있는 권한 구성을 악용할 수 있다. 많은 클라우드 환경에서는 관리자가 사용자나 서비스 계정에 역할에 대한 JIT(Just-in-Time) 접근 요청, 다른 계정 가장, 리소스·서비스에 역할 전달 등 자신과 다른 권한 집합에 단기간 접근하는 권한을 부여할 수 있다.",,,
T1484,Domain or Tenant Policy Modification (일반·상위기법),혼합,"공격자는 중앙에서 관리되는 환경에서 방어를 회피하거나 권한을 높이기 위해 도메인이나 ID 테넌트의 구성 설정을 수정할 수 있다. 이러한 서비스는 장치와 계정 같은 ID 리소스를 중앙에서 관리하는 수단을 제공하며, 신뢰 관계, ID 동기화, ID 페더레이션처럼 도메인이나 테넌트 사이에 적용되는 구성 설정을 포함하는 경우가 많다.",,,
T1484.002,Trust Modification,혼합,"공격자는 방어를 회피하거나 권한을 높이기 위해 새 도메인 트러스트를 추가하거나, 기존 도메인 트러스트의 속성을 수정하거나, 도메인·테넌트 간 신뢰 관계 구성을 바꿀 수 있다. 사용자 ID의 페더레이션 여부 같은 신뢰 세부 정보에 따라, 공유 리소스 접근을 위해 도메인이나 테넌트 사이에 인증·인가 속성이 적용될 수 있다. 이러한 신뢰 객체에는 서버, 토큰, 도메인에 적용되는 계정, 자격 증명, 기타 인증 자료가 포함될 수 있다.",,,
T1611,Escape to Host,Cloud 외 연관,공격자는 기반 호스트에 접근하기 위해 컨테이너나 가상화 환경을 탈출할 수 있다. 이를 통해 호스트 수준에서 다른 컨테이너·가상화 리소스나 호스트 자체에 접근할 수 있다. 원칙적으로 컨테이너·가상화 리소스는 애플리케이션 기능을 명확히 분리하고 호스트 환경과 격리되어야 한다.,,,
T1564.008,Email Hiding Rules,혼합,"공격자는 이메일 규칙을 이용해 침해한 사용자의 사서함에서 수신 이메일을 숨길 수 있다. 많은 이메일 클라이언트는 이메일을 다른 폴더로 옮기기, 읽음으로 표시하기, 삭제하기 등 다양한 받은편지함 규칙을 만들 수 있게 한다. 규칙은 이메일 클라이언트 안에서 만들거나 수정할 수 있고, Windows 시스템의 New-InboxRule이나 Set-InboxRule PowerShell cmdlet 같은 외부 기능으로도 만들거나 수정할 수 있다.",,,
T1070,Indicator Removal (일반·상위기법),혼합,"공격자는 자신의 존재 흔적을 줄이고 정상 활동에 섞이기 위해 생성된 산출물을 선택적으로 삭제하거나 수정할 수 있다. 증거를 광범위하게 지우기보다 이상해 보이거나 주목받기 쉬운 특정 산출물만 골라 처리하고, 정상적인 시스템 동작처럼 보이도록 충분한 데이터는 그대로 남겨 둘 수 있다.",,,
T1070.008,Clear Mailbox Data,혼합,"공격자는 메일과 메일 애플리케이션 데이터를 수정해 자신의 활동 증거를 없앨 수 있다. 이메일 애플리케이션은 사용자와 다른 프로그램이 명령줄 도구나 API로 사서함 데이터를 내보내거나 삭제할 수 있게 한다. 메일 애플리케이션 데이터에는 이메일, 이메일 메타데이터, 내보내기 요청처럼 애플리케이션이나 운영체제가 생성한 로그가 포함될 수 있다.",,,
T1036.005,Match Legitimate Resource Name or Location,Cloud 외 연관,"공격자는 파일, 레지스트리 키 또는 기타 리소스의 이름이나 위치를 정할 때 정상 항목과 같거나 비슷하게 맞출 수 있다. 이는 방어와 관찰을 회피하기 위해서다.",,,
T1036.010,Masquerade Account Name,혼합,공격자는 새로 만든 계정이 무해해 보이도록 정상 계정과 같거나 비슷한 이름을 붙일 수 있다. 이는 보통 계정 생성(Create Account) 단계에서 일어나지만 나중에 계정 이름을 바꿀 수도 있다. 공격자가 계정을 먼저 삭제한 뒤 같은 이름으로 다시 만드는 경우에는 계정 접근 제거(Account Access Removal)와 함께 나타날 수도 있다.,,,
T1684.001,Impersonation,혼합,"공격자는 대상을 설득하고 속여 자신을 대신해 어떤 행동을 하게 만들기 위해 신뢰받는 사람이나 조직을 사칭할 수 있다. 예를 들어 임원, 동료, 외부 협력업체처럼 알려진 발신자를 사칭하면서 정보 수집용 피싱(Phishing for Information), 피싱(Phishing), 내부 스피어피싱(Internal Spearphishing)으로 피해자와 소통할 수 있다. 이렇게 쌓은 신뢰를 이용해 공격자의 최종 목표를 달성하며, 여러 피해자를 대상으로 할 수도 있다.",,,
T1684.002,Email Spoofing,혼합,"공격자는 관련 이메일 헤더 값을 수정해 발신자 신원을 위조함으로써 거짓 명분으로 피해자와 접촉할 수 있다. 실제 이메일 내용뿐 아니라 이메일 헤더(예: 발신자 이메일 주소가 담긴 FROM 헤더)도 수정할 수 있다. 이메일 클라이언트는 피해자의 받은편지함에 이메일이 표시될 때 이 헤더를 보여 주므로, 수정된 이메일이 위조한 대상이 보낸 것처럼 보일 수 있다.",,,
T1535,Unused/Unsupported Cloud Regions,Cloud 전용,공격자는 탐지를 회피하기 위해 사용하지 않는 지역 서비스 리전에 클라우드 인스턴스를 만들 수 있다. 이런 접근은 보통 클라우드 인프라 관리에 쓰이는 계정을 침해해 얻는다.,,,
T1686.001,Cloud Firewall,Cloud 전용,공격자는 클라우드 리소스 접근을 제한하는 통제를 우회하기 위해 클라우드 환경의 방화벽을 비활성화하거나 수정할 수 있다.,,,
T1685,Disable or Modify Tools (일반·상위기법),혼합,"공격자는 방어 기능의 가시성을 떨어뜨리거나 무력화하기 위해 보안 도구나 애플리케이션(예: EDR(엔드포인트 탐지 및 대응) 도구, 침입 탐지 시스템(IDS), 백신, 로깅 에이전트, 센서 등)을 비활성화하거나, 성능을 떨어뜨리거나, 변조할 수 있다. 여기에는 특정 서비스 중지, 프로세스 종료, 도구 구성 파일과 레지스트리 키 수정·삭제, 도구 업데이트 차단 등이 포함될 수 있다. 호스트, 네트워크, 클라우드 환경 전반의 예방·탐지·대응 메커니즘을 방해해 방어를 더 광범위하게 무력화하는 것도 포함될 수 있다.",,,
T1685.002,Disable or Modify Cloud Log,Cloud 전용,공격자는 자신의 활동에 대해 수집되는 데이터를 제한하고 탐지를 피하기 위해 클라우드 로깅 기능과 연동을 비활성화하거나 수정할 수 있다. 클라우드 환경에서는 사용자가 환경 안에서 어떤 활동을 하는지 보여 주는 감사 로그와 애플리케이션 로그를 수집·분석할 수 있다. 공격자는 권한이 충분하면 로깅을 비활성화하거나 수정해 자신의 활동이 탐지되지 않게 할 수 있다.,,,
T1578.001,Create Snapshot,Cloud 전용,"공격자는 방어를 회피하기 위해 클라우드 계정 안에 스냅샷이나 데이터 백업을 만들 수 있다. 스냅샷은 가상 머신(VM), 가상 하드 드라이브, 볼륨 같은 기존 클라우드 컴퓨팅 구성 요소의 특정 시점 복사본이다. 공격자는 스냅샷 생성 권한을 이용해 기존 컴퓨팅 서비스 인프라에 대한 접근 제한을 우회할 수 있다. 이는 탐지를 회피하고 존재 증거를 없애기 위해 스냅샷으로 되돌리는 클라우드 인스턴스 되돌리기(Revert Cloud Instance)와는 다르다.",,,
T1578.002,Create Cloud Instance,Cloud 전용,"공격자는 방어를 회피하기 위해 클라우드 계정의 컴퓨팅 서비스 안에 새 인스턴스나 가상 머신(VM)을 만들 수 있다. 새 인스턴스를 만들면 계정에 이미 있는 인스턴스에 적용된 방화벽 규칙과 권한을 우회할 수 있다. 공격자는 계정의 볼륨 하나 이상에 대해 스냅샷 생성(Create Snapshot)을 하고, 새 인스턴스를 만들어 스냅샷을 마운트한 뒤, 덜 제한적인 보안 정책을 적용해 로컬 시스템의 데이터(Data from Local System)를 수집하거나 원격 데이터 스테이징(Remote Data Staging)을 할 수 있다.",,,
T1578.003,Delete Cloud Instance,Cloud 전용,"공격자는 악의적 활동을 마친 뒤 탐지를 회피하고 존재 증거를 없애기 위해 클라우드 인스턴스를 삭제할 수 있다. 인스턴스를 복구할 수 없으면, 인스턴스나 가상 머신을 삭제하는 것만으로 중요한 포렌식 산출물과 기타 의심 행위 증거가 사라질 수 있다.",,,
T1578.004,Revert Cloud Instance,Cloud 전용,공격자는 악의적 활동을 마친 뒤 탐지를 회피하고 존재 증거를 없애기 위해 클라우드 인스턴스의 변경 사항을 되돌릴 수 있다. 클라우드 기반 인프라처럼 가상화 수준이 높은 환경에서는 클라우드 관리 대시보드나 클라우드 API로 가상 머신(VM)이나 데이터 스토리지 스냅샷을 복원해 이를 수행할 수 있다.,,,
T1578.005,Modify Cloud Compute Configurations,Cloud 전용,"공격자는 방어를 회피하기 위해 클라우드 컴퓨팅 인프라의 규모, 위치, 사용 가능한 자원에 직접 영향을 주는 설정을 수정할 수 있다. 이러한 설정에는 서비스 할당량, 구독 연결, 테넌트 전체 정책 등 사용 가능한 컴퓨팅 자원에 영향을 주는 구성이 포함될 수 있다. 이런 수정을 통해 공격자는 실행 중인 인스턴스에 영향을 주거나 피해자에게 활동을 드러내지 않고도 피해자의 컴퓨팅 자원을 악용해 목표를 달성할 수 있다.",,,
T1666,Modify Cloud Resource Hierarchy,Cloud 전용,공격자는 방어를 회피하기 위해 IaaS(Infrastructure-as-a-Service) 환경의 계층 구조를 수정하려 할 수 있다.,,,
T1557,Adversary-in-the-Middle,Cloud 외 연관,"공격자는 AiTM(adversary-in-the-middle) 기법으로 둘 이상의 네트워크 장치 사이에 자리 잡아 네트워크 스니핑(Network Sniffing), 전송 데이터 조작(Transmitted Data Manipulation), 재전송 공격(자격 증명 접근을 위한 익스플로잇(Exploitation for Credential Access)) 같은 후속 행위를 도울 수 있다. ARP, DNS, LLMNR 등 네트워크 트래픽 흐름을 결정하는 일반 네트워크 프로토콜의 기능을 악용해, 장치가 공격자가 제어하는 시스템을 거쳐 통신하도록 강제하고 정보를 수집하거나 추가 작업을 수행할 수 있다.",,,
T1110.001,Password Guessing,혼합,시스템이나 환경의 정상 자격 증명을 전혀 모르는 공격자는 비밀번호를 추측해 계정 접근을 시도할 수 있다. 계정의 비밀번호를 모르면 반복적인 방식으로 비밀번호를 체계적으로 추측할 수 있다. 작전 중에 시스템이나 환경의 비밀번호를 모르는 상태에서 흔히 쓰이는 비밀번호 목록으로 로그인 자격 증명을 추측할 수 있다. 비밀번호 추측은 대상의 비밀번호 복잡도 정책이나 여러 번 실패하면 계정을 잠그는 정책을 고려할 수도 있고 고려하지 않을 수도 있다.,,,
T1110.003,Password Spraying,혼합,"공격자는 흔히 쓰이는 비밀번호 하나 또는 소수의 비밀번호 목록을 여러 계정에 시도해 유효한 계정 자격 증명을 얻으려 할 수 있다. 비밀번호 스프레이는 도메인의 복잡도 정책을 충족할 수 있는 비밀번호 하나(예: Password01)나 흔히 쓰이는 비밀번호 몇 개를 사용한다. 한 계정에 여러 비밀번호로 무차별 대입할 때 발생하는 계정 잠금을 피하기 위해, 같은 비밀번호로 네트워크의 여러 계정에 로그인을 시도한다.",,,
T1110.004,Credential Stuffing,혼합,"공격자는 관련 없는 계정의 유출 덤프에서 얻은 자격 증명으로 자격 증명이 겹치는 대상 계정에 접근할 수 있다. 웹사이트나 서비스가 침해되어 사용자 계정 자격 증명이 유출되면 대량의 사용자 이름과 비밀번호 쌍이 온라인에 공개되기도 한다. 사용자가 개인 계정과 업무 계정에 같은 비밀번호를 쓰는 경향이 있으므로, 이 정보는 계정을 침해하려는 공격자에게 유용할 수 있다.",,,
T1555.006,Cloud Secrets Management Stores,Cloud 전용,"공격자는 AWS Secrets Manager, GCP Secret Manager, Azure Key Vault, Terraform Vault 같은 클라우드 네이티브 비밀 관리 솔루션에서 자격 증명을 획득할 수 있다.",,,
T1606.001,Web Cookies,혼합,공격자는 웹 애플리케이션이나 인터넷 서비스에 접근하는 데 쓸 수 있는 웹 쿠키를 위조할 수 있다. 클라우드 SaaS 환경이나 온프레미스 서버에 호스팅된 웹 애플리케이션과 서비스는 사용자 접근을 인증·인가하기 위해 세션 쿠키를 쓰는 경우가 많다.,,,
T1606.002,SAML Tokens,혼합,"공격자는 유효한 SAML 토큰 서명 인증서를 가지고 있으면 임의의 권한 클레임과 유효 기간을 가진 SAML 토큰을 위조할 수 있다. SAML 토큰의 기본 유효 기간은 1시간이지만, 토큰의 conditions 요소에 있는 NotOnOrAfter 값으로 유효 기간을 지정할 수 있다. 이 값은 LifetimeTokenPolicy의 AccessTokenLifetime으로 바꿀 수 있다. 위조된 SAML 토큰을 이용하면 SAML 2.0을 SSO(Single Sign-On) 방식으로 쓰는 여러 서비스에 인증할 수 있다.",,,
T1621,Multi-Factor Authentication Request Generation,혼합,공격자는 사용자에게 다중 인증(MFA) 요청을 보내는 방식으로 MFA 메커니즘을 우회하고 계정에 접근하려 할 수 있다.,,,
T1528,Steal Application Access Token,혼합,공격자는 원격 시스템과 리소스에 접근할 자격 증명을 얻는 수단으로 애플리케이션 액세스 토큰을 탈취할 수 있다.,,,
T1649,Steal or Forge Authentication Certificates,혼합,공격자는 원격 시스템이나 리소스에 접근하기 위해 인증에 쓰이는 인증서를 탈취하거나 위조할 수 있다. 디지털 인증서는 메시지나 파일의 서명과 암호화에 자주 쓰이며 인증 자료로도 쓰인다. 예를 들어 Entra ID 장치 인증서와 AD CS(Active Directory Certificate Services) 인증서는 ID에 연결되어 도메인 계정의 자격 증명으로 쓰일 수 있다.,,,
T1539,Steal Web Session Cookie,혼합,"공격자는 웹 애플리케이션이나 서비스의 세션 쿠키를 탈취해, 자격 증명 없이도 인증된 사용자로서 웹 애플리케이션이나 인터넷 서비스에 접근할 수 있다. 웹 애플리케이션과 서비스는 사용자가 웹사이트에 인증한 뒤 세션 쿠키를 인증 토큰으로 사용하는 경우가 많다.",,,
T1552,Unsecured Credentials (일반·상위기법),혼합,"공격자는 침해한 시스템을 검색해 안전하지 않게 저장된 자격 증명을 찾아 확보할 수 있다. 이런 자격 증명은 평문 파일(예: 셸 기록(Shell History)), 운영체제나 애플리케이션 전용 저장소(예: 레지스트리의 자격 증명(Credentials in Registry)), 기타 특수 파일·산출물(예: 개인 키(Private Keys)) 등 시스템의 여러 위치에 저장되거나 잘못 놓여 있을 수 있다.",,,
T1552.001,Credentials In Files,혼합,"공격자는 로컬 파일 시스템과 원격 파일 공유를 검색해 안전하지 않게 저장된 자격 증명이 담긴 파일을 찾을 수 있다. 사용자가 자기 자격 증명을 보관하려고 만든 파일, 여러 사람이 함께 쓰는 자격 증명 저장소, 시스템이나 서비스의 비밀번호가 담긴 구성 파일, 비밀번호가 하드코딩된 소스 코드·바이너리 파일 등이 여기에 해당한다.",,,
T1552.005,Cloud Instance Metadata API,Cloud 전용,공격자는 자격 증명과 기타 민감한 데이터를 수집하기 위해 클라우드 인스턴스 메타데이터 API에 접근하려 할 수 있다.,,,
T1552.007,Container API,Cloud 외 연관,"공격자는 컨테이너 환경의 API를 통해 자격 증명을 수집할 수 있다. Docker API, Kubernetes API 같은 이 환경의 API는 사용자가 컨테이너 리소스와 클러스터 구성 요소를 원격으로 관리할 수 있게 한다.",,,
T1552.008,Chat Messages,Cloud 전용,"공격자는 사용자 커뮤니케이션 서비스에 저장되거나 전달된 보호되지 않은 자격 증명을 직접 수집할 수 있다. 자격 증명은 이메일, Slack이나 Teams 같은 채팅 서비스, Jira나 Trello 같은 협업 도구 등 사용자 간 소통을 지원하는 서비스를 통해 전송되고 저장될 수 있다. 사용자는 사내 비공개·공개 커뮤니케이션 채널에서 사용자 이름과 비밀번호, API 키, 인증 토큰 등 여러 형태의 자격 증명을 공유할 수 있다.",,,
T1087.003,Email Account,혼합,공격자는 이메일 주소와 계정 목록을 확보하려 할 수 있다. 공격자는 전역 주소 목록(GAL) 같은 Exchange 주소 목록을 덤프하려 할 수 있다.,,,
T1087.004,Cloud Account,Cloud 전용,"공격자는 클라우드 계정 목록을 확보하려 할 수 있다. 클라우드 계정은 조직이 클라우드 서비스 제공자나 SaaS 애플리케이션 안에서 사용자, 원격 지원, 서비스 또는 리소스 관리 용도로 만들고 구성한 계정이다.",,,
T1580,Cloud Infrastructure Discovery,Cloud 전용,"공격자는 IaaS(Infrastructure-as-a-Service) 환경에서 사용 가능한 인프라와 리소스를 파악하려 할 수 있다. 여기에는 인스턴스, 가상 머신, 스냅샷 같은 컴퓨팅 서비스 리소스와 스토리지·데이터베이스 서비스 등 다른 서비스의 리소스가 포함된다.",,,
T1538,Cloud Service Dashboard,Cloud 전용,"공격자는 탈취한 자격 증명으로 클라우드 서비스 대시보드 GUI를 사용해 운영 중인 클라우드 환경에서 특정 서비스, 리소스, 기능 같은 유용한 정보를 얻을 수 있다. 예를 들어 GCP Command Center로 모든 자산을 보고, 잠재적 보안 위험에 대한 발견 사항을 검토하고, 공인 IP 주소와 열린 포트 찾기 같은 추가 쿼리를 실행할 수 있다.",,,
T1526,Cloud Service Discovery,Cloud 전용,"공격자는 접근을 확보한 뒤 시스템에서 실행 중인 클라우드 서비스를 열거하려 할 수 있다. 방법은 PaaS, IaaS, SaaS에 따라 다를 수 있다. 클라우드 제공자마다 다양한 서비스가 있으며, CI/CD(지속적 통합·지속적 전달), Lambda 함수, Entra ID 등이 포함될 수 있다. AWS GuardDuty나 Microsoft Defender for Cloud 같은 보안 서비스와 AWS CloudTrail, Google Cloud Audit Logs 같은 로깅 서비스도 포함될 수 있다.",,,
T1619,Cloud Storage Object Discovery,Cloud 전용,"공격자는 클라우드 스토리지 인프라의 객체를 열거할 수 있다. 자동화된 탐색 과정에서 이 정보를 바탕으로 클라우드 스토리지의 전체 또는 특정 객체를 요청하는 등 후속 행동을 정할 수 있다. 로컬 호스트의 파일 및 디렉터리 탐색(File and Directory Discovery)처럼, 사용 가능한 스토리지 서비스를 파악한 뒤(즉, 클라우드 인프라 탐색(Cloud Infrastructure Discovery)) 클라우드 인프라에 저장된 콘텐츠·객체에 접근할 수 있다.",,,
T1613,Container and Resource Discovery,Cloud 외 연관,"공격자는 컨테이너 환경에서 사용 가능한 컨테이너와 기타 리소스를 파악하려 할 수 있다. 기타 리소스에는 이미지, 배포, 파드, 노드와 클러스터 상태 같은 정보가 포함될 수 있다.",,,
T1654,Log Enumeration,혼합,"공격자는 유용한 데이터를 찾기 위해 시스템 및 서비스 로그를 열거할 수 있다. 이러한 로그에서 사용자 인증 기록(계정 탐색(Account Discovery)), 보안 소프트웨어나 취약한 소프트웨어(소프트웨어 탐색(Software Discovery)), 침해한 네트워크 안의 호스트(원격 시스템 탐색(Remote System Discovery)) 등 공격자에게 가치 있는 다양한 정보를 얻을 수 있다.",,,
T1069.003,Cloud Groups,Cloud 전용,"공격자는 클라우드 그룹과 권한 설정을 찾으려 할 수 있다. 클라우드 권한 그룹 정보는 환경 안에서 사용자와 그룹이 맡은 역할, 그리고 특정 그룹에 어떤 사용자가 연결되어 있는지 파악하는 데 도움이 된다.",,,
T1210,Exploitation of Remote Services,Cloud 외 연관,"공격자는 네트워크 내부에 들어온 뒤 원격 서비스를 익스플로잇해 내부 시스템에 무단으로 접근할 수 있다. 소프트웨어 취약점 익스플로잇은 공격자가 프로그램, 서비스, 운영체제 소프트웨어나 커널의 프로그래밍 오류를 이용해 자신이 제어하는 코드를 실행하는 것이다. 침해 이후 원격 서비스를 익스플로잇하는 흔한 목적은 원격 시스템에 접근하기 위한 측면 이동이다.",,,
T1534,Internal Spearphishing,혼합,"공격자는 환경 안의 계정이나 시스템에 이미 접근한 뒤, 내부 스피어피싱으로 추가 정보에 접근하거나 같은 조직의 다른 사용자를 침해할 수 있다. 내부 스피어피싱은 다단계 캠페인으로, 먼저 사용자의 장치를 장악하거나 사용자의 계정 자격 증명을 침해해 정상 계정을 확보한다. 이후 신뢰받는 내부 계정을 이용해 더 많은 피해자가 피싱에 속을 가능성을 높이며, 사칭(Impersonation)을 함께 쓰는 경우가 많다.",,,
T1021.007,Cloud Services,Cloud 전용,공격자는 온프레미스 사용자 ID와 동기화되거나 페더레이션된 유효한 계정(Valid Accounts)으로 침해한 환경에서 접근 가능한 클라우드 서비스에 로그인할 수 있다. 이후 공격자는 로그인한 사용자로서 관리 작업을 수행하거나 클라우드에 호스팅된 리소스에 접근할 수 있다.,,,
T1021.008,Direct Cloud VM Connections,Cloud 전용,"공격자는 유효한 계정(Valid Accounts)을 이용해 클라우드 네이티브 방식으로 접근 가능한 클라우드 호스팅 컴퓨팅 인프라에 직접 로그인할 수 있다. 많은 클라우드 제공자는 Azure Serial Console, AWS EC2 Instance Connect, AWS System Manager처럼 Cloud API로 접근할 수 있는 가상 인프라 대화형 연결 기능을 제공한다.",,,
T1080,Taint Shared Content,혼합,"공격자는 네트워크 드라이브나 내부 코드 저장소 같은 공유 저장 위치에 콘텐츠를 추가해 원격 시스템에 페이로드를 전달할 수 있다. 네트워크 드라이브나 기타 공유 위치에 저장된 콘텐츠는 정상 파일에 악성 프로그램, 스크립트, 익스플로잇 코드를 추가하는 방식으로 오염될 수 있다. 사용자가 오염된 공유 콘텐츠를 열면 악성 부분이 실행되어 원격 시스템에서 공격자의 코드가 동작할 수 있다. 공격자는 오염된 공유 콘텐츠를 이용해 측면 이동할 수 있다.",,,
T1550.001,Application Access Token,혼합,"공격자는 탈취한 애플리케이션 액세스 토큰으로 일반 인증 절차를 우회해 원격 시스템의 제한된 계정, 정보, 서비스에 접근할 수 있다. 이런 토큰은 보통 사용자나 서비스에게서 탈취되어 로그인 자격 증명 대신 사용된다.",,,
T1550.004,Web Session Cookie,Cloud 전용,공격자는 탈취한 세션 쿠키로 웹 애플리케이션과 서비스에 인증할 수 있다. 세션이 이미 인증된 상태이므로 이 기법은 일부 다중 인증(MFA) 프로토콜을 우회한다.,,,
T1119,Automated Collection,혼합,"시스템이나 네트워크에 자리를 잡은 공격자는 자동화된 기법으로 내부 데이터를 수집할 수 있다. 예를 들어 명령 및 스크립트 인터프리터(Command and Scripting Interpreter)를 이용해 정해진 시간 간격마다 파일 형식, 위치, 이름 같은 기준에 맞는 정보를 검색하고 복사할 수 있다.",,,
T1530,Data from Cloud Storage,Cloud 전용,공격자는 클라우드 스토리지의 데이터에 접근할 수 있다.,,,
T1213,Data from Information Repositories (일반·상위기법),혼합,"공격자는 정보 저장소를 이용해 가치 있는 정보를 캐낼 수 있다. 정보 저장소는 보통 사용자 간 협업이나 정보 공유를 위해 정보를 저장하는 도구로, 자격 증명 접근(Credential Access), 측면 이동(Lateral Movement), 방어 회피(Defense Evasion) 같은 추가 목표나 목표 정보에 대한 직접 접근에 도움이 되는 다양한 데이터를 담고 있을 수 있다. 공격자는 외부 공유 기능을 악용해 민감한 문서를 조직 외부 수신자와 공유할 수도 있다(즉, 클라우드 계정으로 데이터 전송(Transfer Data to Cloud Account)).",,,
T1213.001,Confluence,Cloud 전용,"공격자는 Confluence 저장소를 이용해 가치 있는 정보를 캐낼 수 있다. Confluence는 개발 환경에서 Atlassian JIRA와 함께 쓰이는 경우가 많고 주로 개발 관련 문서를 저장하지만, 다음과 같이 더 다양한 유용한 정보를 담고 있을 수 있다 (세부 항목은 참조 열 참조)",,,
T1213.002,Sharepoint,혼합,공격자는 SharePoint 저장소를 가치 있는 정보를 캐내는 출처로 이용할 수 있다. SharePoint에는 내부 네트워크와 시스템의 구조와 기능을 파악하는 데 유용한 정보가 들어 있는 경우가 많다. 예를 들어 공격자에게 잠재적 가치가 있고 SharePoint에서 찾을 수 있는 정보는 다음과 같다 (세부 항목은 참조 열 참조),,,
T1213.003,Code Repositories,Cloud 전용,"공격자는 코드 저장소를 이용해 가치 있는 정보를 수집할 수 있다. 코드 저장소는 소스 코드를 저장하고 소프트웨어 빌드를 자동화하는 도구·서비스로, 내부에 호스팅하거나 GitHub, GitLab, SourceForge, Bitbucket 같은 외부 사이트에 비공개로 호스팅할 수 있다. 사용자는 보통 웹 애플리케이션이나 git 같은 명령줄 유틸리티로 코드 저장소를 사용한다.",,,
T1213.004,Customer Relationship Management Software,Cloud 전용,공격자는 고객 관계 관리(CRM) 소프트웨어를 이용해 가치 있는 정보를 캐낼 수 있다. CRM 소프트웨어는 조직이 고객과의 상호작용을 추적·관리하고 고객 데이터를 저장하는 데 쓰인다.,,,
T1213.005,Messaging Applications,Cloud 전용,"공격자는 Microsoft Teams, Google Chat, Slack 같은 채팅·메시징 애플리케이션을 이용해 가치 있는 정보를 캐낼 수 있다.",,,
T1213.006,Databases,혼합,공격자는 데이터베이스를 이용해 가치 있는 정보를 캐낼 수 있다. 이러한 데이터베이스는 온프레미스나 클라우드(PaaS와 SaaS 환경 모두)에 호스팅될 수 있다.,,,
T1005,Data from Local System,Cloud 외 연관,"공격자는 유출(Exfiltration)에 앞서 파일 시스템, 구성 파일, 로컬 데이터베이스, 가상 머신 파일, 프로세스 메모리 같은 로컬 시스템 소스를 검색해 관심 파일과 민감한 데이터를 찾을 수 있다.",,,
T1074.002,Remote Data Staging,혼합,"공격자는 유출(Exfiltration)에 앞서 여러 시스템에서 수집한 데이터를 한 시스템의 중앙 위치나 디렉터리에 모아 둘 수 있다. 데이터는 개별 파일로 두거나 수집 데이터 압축(Archive Collected Data) 같은 기법으로 하나의 파일로 합칠 수 있다. 대화형 명령 셸을 쓸 수 있으며, cmd와 bash의 일반 기능으로 데이터를 스테이징 위치에 복사할 수 있다.",,,
T1114.002,Remote Email Collection,혼합,"공격자는 민감한 정보를 수집하기 위해 Exchange 서버, Office 365, Google Workspace를 노릴 수 있다. 사용자의 자격 증명을 이용해 Exchange 서버와 직접 상호작용하며 네트워크 안의 정보를 얻을 수 있다. 외부에 공개된 Exchange 서비스, Office 365, Google Workspace에 자격 증명이나 액세스 토큰으로 접근해 이메일을 볼 수도 있다. MailSniper 같은 도구로 특정 키워드 검색을 자동화할 수 있다.",,,
T1114.003,Email Forwarding Rule,혼합,"공격자는 민감한 정보를 수집하기 위해 이메일 전달 규칙을 설정할 수 있다. 이메일 전달 규칙을 악용해 피해자의 활동을 감시하고, 정보를 탈취하고, 이후 공격이나 작전에 쓸 피해자나 피해 조직에 관한 정보를 더 수집할 수 있다. 또한 이메일 전달 규칙을 이용하면 관리자가 침해된 자격 증명을 재설정한 뒤에도 피해자의 이메일에 계속 접근할 수 있다. 대부분의 이메일 클라이언트는 다른 수신자에게 전달하는 기능을 포함해 다양한 받은편지함 규칙을 만들 수 있게 한다. 이 규칙은 로컬 이메일 애플리케이션, 웹 인터페이스, 명령줄 인터페이스로 만들 수 있다. 메시지는 내부나 외부 수신자에게 전달될 수 있으며 규칙의 범위에 제한이 없다. 관리자도 사용자 계정에 전달 규칙을 만들 수 있으며, 고려 사항과 결과는 같다.",,,
T1090,Proxy,Cloud 외 연관,"공격자는 자신의 인프라에 직접 연결되지 않도록 연결 프록시를 사용해 시스템 간 네트워크 트래픽을 중계하거나 명령 및 제어(C2) 서버와의 네트워크 통신을 중개할 수 있다. HTRAN, ZXProxy, ZXPortMap 등 프록시나 포트 리디렉션으로 트래픽을 우회시키는 도구가 많이 있다. 공격자는 이런 프록시를 이용해 C2 통신을 관리하고, 동시에 발생하는 외부 네트워크 연결 수를 줄이고, 연결이 끊겨도 복원력을 확보하거나, 피해 대상 사이의 기존 신뢰 통신 경로를 타고 의심을 피한다. 공격자는 여러 프록시를 연쇄로 연결해 악성 트래픽의 출처를 더 감출 수 있다.",,,
T1020.001,Traffic Duplication,혼합,공격자는 침해한 인프라를 통한 데이터 유출을 자동화하기 위해 트래픽 미러링을 악용할 수 있다. 트래픽 미러링은 일부 장비에 기본으로 있는 기능으로 주로 네트워크 분석에 쓰인다. 예를 들어 장비가 네트워크 트래픽을 하나 이상의 목적지로 전달해 네트워크 분석기나 기타 모니터링 장비가 분석하도록 설정될 수 있다.,,,
T1567,Exfiltration Over Web Service (일반·상위기법),혼합,"공격자는 주 명령 및 제어(C2) 채널 대신 이미 존재하는 정상적인 외부 웹 서비스를 이용해 데이터를 유출할 수 있다. 네트워크 안의 호스트가 침해 전부터 이런 인기 웹 서비스와 통신하고 있을 가능성이 높아, 이를 유출 수단으로 쓰면 상당한 은폐 효과를 얻을 수 있다. 이런 서비스로 가는 트래픽을 허용하는 방화벽 규칙이 이미 있을 수도 있다.",,,
T1567.004,Exfiltration Over Webhook,혼합,"공격자는 주 명령 및 제어(C2) 채널 대신 웹훅 엔드포인트로 데이터를 유출할 수 있다. 웹훅은 클라이언트가 서버를 계속 폴링하지 않아도 서버가 HTTP/S로 클라이언트에 데이터를 보낼 수 있게 하는 간단한 방식이다. Discord, Slack, webhook.site 등 많은 공개·상용 서비스가 GitHub, Jira, Trello 같은 다른 서비스에서 쓸 수 있는 웹훅 엔드포인트 생성을 지원한다. 연결된 서비스에서 변경(저장소 업데이트 푸시, 티켓 수정 등)이 생기면 해당 서비스가 데이터를 웹훅 엔드포인트로 자동 전송하고, 이를 사용하는 애플리케이션이 그 데이터를 활용한다.",,,
T1537,Transfer Data to Cloud Account,Cloud 전용,"공격자는 공유·동기화나 클라우드 환경 백업 생성 등을 통해, 같은 서비스에서 자신이 제어하는 다른 클라우드 계정으로 데이터를 옮겨 유출할 수 있다.",,,
T1531,Account Access Removal,혼합,"공격자는 정상 사용자가 쓰는 계정에 대한 접근을 막아 시스템과 네트워크 리소스의 가용성을 방해할 수 있다. 계정 접근을 없애기 위해 계정을 삭제하거나, 잠그거나, 조작할 수 있다(예: 자격 증명 변경, SharePoint 같은 SaaS 플랫폼의 권한 회수). 이후 악의적 변경을 적용하기 위해 로그오프하거나 시스템 종료·재부팅(System Shutdown/Reboot)을 수행할 수도 있다.",,,
T1485,Data Destruction (일반·상위기법),혼합,"공격자는 시스템, 서비스, 네트워크 리소스의 가용성을 방해하기 위해 특정 시스템이나 네트워크 전반의 데이터와 파일을 대량으로 파괴할 수 있다. 데이터 파괴는 로컬·원격 드라이브의 파일이나 데이터를 덮어써서 포렌식 기법으로도 복구할 수 없게 만드는 경우가 많다. del이나 rm 같은 일반적인 운영체제 파일 삭제 명령은 파일 내용을 지우지 않고 파일 포인터만 제거하는 경우가 많아 적절한 포렌식 방법으로 복구할 수 있다. 이 행위는 저장 디스크의 영역이나 디스크의 논리 구조가 아니라 개별 파일을 파괴한다는 점에서 디스크 콘텐츠 삭제(Disk Content Wipe), 디스크 구조 삭제(Disk Structure Wipe)와 구별된다.",,,
T1485.001,Lifecycle-Triggered Deletion,Cloud 전용,공격자는 클라우드 스토리지 버킷의 수명 주기 정책을 수정해 버킷에 저장된 모든 객체를 파괴할 수 있다.,,,
T1486,Data Encrypted for Impact,혼합,"공격자는 시스템과 네트워크 리소스의 가용성을 방해하기 위해 대상 시스템이나 네트워크 내 다수 시스템의 데이터를 암호화할 수 있다. 로컬·원격 드라이브의 파일이나 데이터를 암호화하고 복호화 키를 넘겨주지 않는 방식으로 저장된 데이터에 접근하지 못하게 만들 수 있다. 이는 복호화나 복호화 키를 대가로 피해자에게 금전을 요구하기 위해서(랜섬웨어) 하거나, 키를 저장하거나 전송하지 않아 데이터를 영구히 접근 불가능하게 만들기 위해 할 수 있다.",,,
T1491,Defacement,혼합,"공격자는 기업 네트워크 내부나 외부에서 볼 수 있는 시각적 콘텐츠를 변조해 원본 콘텐츠의 무결성에 영향을 줄 수 있다. 변조(Defacement)의 목적에는 메시지 전달, 위협, 침입에 대한 (거짓일 수 있는) 공적 주장 등이 있다. 사용자에게 불쾌감을 주거나 함께 게시한 메시지에 따르도록 압박하기 위해 불쾌하거나 혐오스러운 이미지를 사용할 수도 있다.",,,
T1667,Email Bombing,혼합,공격자는 대상 이메일 주소에 감당할 수 없을 만큼 많은 메시지를 퍼부을 수 있다. 이로 인해 정상 이메일이 스팸 더미에 묻히고 업무가 방해받을 수 있다.,,,
T1499,Denial of Service (Endpoint·Network 통합),혼합,"공격자는 엔드포인트 서비스 거부(DoS) 공격으로 사용자에 대한 서비스 가용성을 떨어뜨리거나 차단할 수 있다. 엔드포인트 DoS는 서비스가 호스팅된 시스템의 자원을 고갈시키거나 시스템을 익스플로잇해 지속적인 중단 상태를 일으키는 방식으로 수행할 수 있다. 대상 서비스의 예로는 웹사이트, 이메일 서비스, DNS, 웹 기반 애플리케이션이 있다. 공격자가 정치적 목적으로, 또는 주의 분산, 핵티비즘, 금전 갈취 같은 다른 악의적 활동을 돕기 위해 DoS 공격을 수행한 사례가 관찰되었다.",,,
T1657,Financial Theft,혼합,"공격자는 피해자가 해당 자원을 쓸 수 없게 만들면서 자신의 금전적 이득을 얻기 위해 금품 갈취, 사회공학, 기술적 탈취 등의 방법으로 대상의 금전 자원을 탈취할 수 있다. 금전 탈취는 랜섬웨어를 이용한 갈취, 비즈니스 이메일 침해(BEC)와 사기, 돼지 도살(pig butchering) 사기, 은행 해킹, 암호화폐 네트워크 악용 등 여러 대표적인 캠페인 유형의 최종 목표다.",,,
T1490,Inhibit System Recovery,혼합,공격자는 손상된 시스템의 복구를 막기 위해 복구를 돕는 내장 데이터를 삭제하고 관련 서비스를 끌 수 있다. 이로 인해 사용 가능한 백업과 복구 옵션에 접근하지 못하게 될 수 있다.,,,
T1496,Resource Hijacking (일반·상위기법),혼합,"공격자는 장악한 시스템의 자원을 이용해 자원을 많이 소모하는 작업을 수행할 수 있으며, 이는 시스템이나 호스팅된 서비스의 가용성에 영향을 줄 수 있다.",,,
T1496.001,Compute Hijacking,혼합,"공격자는 장악한 시스템의 컴퓨팅 자원을 이용해 자원을 많이 소모하는 작업을 수행할 수 있으며, 이는 시스템이나 호스팅된 서비스의 가용성에 영향을 줄 수 있다.",,,
T1496.002,Bandwidth Hijacking,혼합,"공격자는 장악한 시스템의 네트워크 대역폭을 이용해 자원을 많이 소모하는 작업을 수행할 수 있으며, 이는 시스템이나 호스팅된 서비스의 가용성에 영향을 줄 수 있다.",,,
T1496.003,SMS Pumping,Cloud 전용,"공격자는 메시징 서비스를 SMS 펌핑에 악용할 수 있으며, 이는 시스템이나 호스팅된 서비스의 가용성에 영향을 줄 수 있다. SMS 펌핑은 통신 사기의 한 유형으로, 위협 행위자가 먼저 통신 사업자로부터 전화번호 묶음을 확보한 뒤 피해자의 메시징 인프라를 이용해 그 번호들로 대량의 SMS를 보내는 방식이다. 위협 행위자는 자신이 확보한 번호로 SMS 트래픽을 발생시켜 통신 사업자로부터 대가를 받을 수 있다.",,,
T1496.004,Cloud Service Hijacking,Cloud 전용,"공격자는 침해한 SaaS(Software-as-a-Service) 애플리케이션을 이용해 자원을 많이 소모하는 작업을 수행할 수 있으며, 이는 호스팅된 서비스의 가용성에 영향을 줄 수 있다.",,,
T1489,Service Stop,혼합,"공격자는 시스템의 서비스를 중지하거나 비활성화해 정상 사용자가 해당 서비스를 쓸 수 없게 만들 수 있다. 중요한 서비스나 프로세스를 중지하면 침해 사고 대응을 방해하거나 멈추게 할 수 있고, 환경에 피해를 입히려는 공격자의 전체 목표에 도움이 될 수 있다.",,,
AZT704,Soft-Delete Recovery,ATT&CK 미대응,"공격자는 일시 삭제(soft delete) 상태의 리소스를 찾아 복원한 뒤, 삭제될 예정이던 내용을 가져와 공격을 진전시킬 수 있다.",,,
