도메인,SCT-ID,위협분류,세부위협,핵심 요약,요약설명,공격 단계,적용 프로파일,ATT&CK,SLSA,OWASP CI/CD,OWASP OSS,SAP AV,발생가능성,심각도,위험도,우선순위,근거 수준,실제 사고 수,최근 사고,ATT&CK 사례 수,KEV,관련 사례 ID
[DE] 개발 환경,SCT-DE-01.1,개발자 단말·계정 침해,개발자 단말 침해와 세션·자격증명 탈취,개발자 단말 감염으로 세션·키를 훔쳐 소스·빌드·게시 권한 장악,"- 공격자는 개발자 단말을 악성코드로 감염시켜 SSO 세션 쿠키·SSH 키·클라우드 키·게시 토큰을 빼내고, 개발자 권한으로 소스 저장소·빌드·운영 시스템에 접근할 수 있음 - MFA를 거친 세션을 그대로 재사용해 정상 로그인처럼 보이고, 개발자 권한이 넓을수록 고객 비밀 저장소·서명·게시 경로까지 한 번에 닿음","자격증명 접근, 초기 침투",오픈소스 · 상용 SW · CI/CD,"T1539, T1555, T1552.001, T1552.004",E,"CICD-SEC-2, CICD-SEC-6",OSS-RISK-2,"AV-600, AV-700, AV-703",상,상,매우 높음,20,실제 사고 확인,5,2,3,0,"SCI-079, SCI-090, SCI-091, SCI-132, SCI-164"
[DE] 개발 환경,SCT-DE-01.2,개발자 단말·계정 침해,개발자 대상 사회공학(가짜 채용·코딩 과제·협업 제안),가짜 채용 과제·협업 제안으로 개발자에게 악성 코드 실행 유도,"- 공격자는 채용 담당자·협업자를 사칭해 개발자에게 코딩 과제·데모 프로젝트를 실행시키거나 악성 패키지를 설치하게 해 단말을 감염시킬 수 있음 - 개발자가 업무로 외부 코드를 실행하는 것이 자연스러워 경계가 낮고, 감염 단말의 지갑·자격증명이 후속 공급망 침해의 출발점이 됨","초기 침투, 실행",오픈소스 · 상용 SW · AI,"T1566.003, T1204.002, T1204.005",,,,"AV-606, AV-703",중,중,보통,55,실제 사고 확인,1,0,1,0,SCI-110
[DE] 개발 환경,SCT-DE-02.1,개발 도구·확장 오염,IDE·에디터 확장 악용(악성·탈취 확장),악성·탈취 IDE 확장으로 개발자 권한의 비밀·저장소 탈취,"- 공격자는 악성 확장을 마켓플레이스에 올리거나 인기 확장의 게시 자격을 빼앗아 악성 버전을 배포해, 개발자 권한으로 작업공간 코드·비밀·토큰에 접근할 수 있음 - 확장은 자동 업데이트로 설치 기반 전체에 수십 분 안에 전달되고, 편집기 프로세스 안에서 실행되어 일반 악성코드보다 눈에 띄지 않음","지속성, 초기 침투",오픈소스 · CI/CD · AI,"T1176.002, T1195.001",DEP,CICD-SEC-8,"OSS-RISK-2, OSS-RISK-3",AV-703,상,상,매우 높음,23,실제 사고 확인,4,4,10,1,"SCI-149, SCI-154, SCI-163, SCI-164"
[DE] 개발 환경,SCT-DE-02.2,개발 도구·확장 오염,변조 개발 도구·툴체인 사용(컴파일러·SDK),변조된 컴파일러·SDK로 빌드한 모든 산출물에 악성 코드 삽입,"- 공격자는 비공식 경로로 퍼진 변조 컴파일러·SDK·빌드 도구를 개발자가 쓰게 만들어, 그 도구로 만든 모든 산출물에 악성 코드를 넣을 수 있음 - 소스에는 흔적이 없어 코드 리뷰로 발견되지 않고, 정상 서명·스토어 심사를 거쳐 최종 사용자에게 대량 배포됨",초기 침투,상용 SW · 오픈소스,T1195.001,DEP,CICD-SEC-3,OSS-RISK-2,AV-703,중,상,높음,54,실제 사고 확인,1,0,9,0,SCI-013
[DE] 개발 환경,SCT-DE-02.3,개발 도구·확장 오염,프로젝트 파일 감염형 악성코드(빌드 시 전파),프로젝트 빌드 파일을 감염시켜 빌드하는 개발자에게 자가 전파,"- 공격자는 감염 단말의 프로젝트 빌드 파일(IDE 프로젝트 설정·빌드 스크립트)에 악성 코드를 심어, 그 프로젝트를 빌드하는 다른 개발자에게 퍼지게 할 수 있음 - 저장소에 함께 커밋된 빌드 파일은 사람이 거의 읽지 않아 오래 숨어 있고, 공유 저장소를 통해 조직 밖으로도 번짐","실행, 지속성",오픈소스 · 상용 SW,"T1195.001, T1554",,,OSS-RISK-2,"AV-703, AV-401",중,중,보통,56,실제 사고 확인,1,0,9,0,SCI-049
[DE] 개발 환경,SCT-DE-03.1,AI 코딩 도구·에이전트 생태계 오염,AI 코딩 도구·규칙 파일 변조(숨은 지시 주입),AI 코딩 도구·규칙 파일에 숨은 지시로 파괴·백도어 코드 유도,"- 공격자는 AI 코딩 도구 확장·규칙 파일·프롬프트에 숨은 지시를 넣거나 설치된 AI CLI를 위험 옵션으로 호출해, 개발자 권한으로 파일 삭제·클라우드 자원 조작·백도어 코드 생성을 시킬 수 있음 - AI 도구는 명령 실행·코드 수정 권한을 자율로 쓰고 지시가 보이지 않는 문자·자연어 안에 숨어, 사람 리뷰와 기존 정적 분석으로 잡기 어려움","실행, 은닉",AI · 오픈소스 · CI/CD,"T1176.002, T1195.001",B3,CICD-SEC-8,OSS-RISK-2,"AV-305, AV-703",상,상,매우 높음,32,실제 사고 확인,2,2,10,0,"SCI-140, SCI-143"
[DE] 개발 환경,SCT-DE-03.2,AI 코딩 도구·에이전트 생태계 오염,MCP 서버·에이전트 스킬 오염·사칭,공식 도구를 사칭한 MCP 서버·에이전트 스킬로 데이터 반출,"- 공격자는 공식 서비스를 사칭하거나 정상처럼 쓰이다 악성으로 바뀌는 MCP 서버·에이전트 스킬을 배포해, 에이전트가 위임받은 메일·파일·자격증명을 반출할 수 있음 - 에이전트 도구는 개별 검토 없이 설치·실행되는 경우가 많고, 정상 기능을 유지한 채 숨은 동작(숨은 참조 등)만 추가해 발견이 늦어짐","초기 침투, 수집",AI · 오픈소스 · 서드파티,"T1195.001, T1204.005",H,CICD-SEC-8,"OSS-RISK-3, OSS-RISK-2","AV-100, AV-206",상,상,매우 높음,33,실제 사고 확인,2,2,10,0,"SCI-148, SCI-167"
[SR] 소스 저장소,SCT-SR-01.1,악의적 코드 기여·메인테이너 악용,위장 기여로 취약점·백도어 삽입,정상 기여로 위장한 변경으로 취약점·백도어를 소스에 반영,"- 공격자는 기능 개선·버그 수정으로 위장한 기여(PR·패치)에 취약점이나 백도어를 섞어 리뷰를 통과시키고, 정상 릴리스에 실어 보낼 수 있음 - 반영된 변경은 정식 기여 이력과 함께 모든 다운스트림에 배포되며, 리뷰 인력이 부족한 오픈소스일수록 의도를 가려내기 어려움",초기 침투,오픈소스 · AI,T1195.001,B3,CICD-SEC-1,OSS-RISK-2,"AV-301, AV-304",중,상,높음,52,실제 사고 확인,1,1,9,0,SCI-140
[SR] 소스 저장소,SCT-SR-01.2,악의적 코드 기여·메인테이너 악용,리뷰 무력화 은닉 기법(보이지 않는 문자·호모글리프·생성 코드·테스트 파일),보이지 않는 문자·테스트 파일 은닉으로 악성 변경이 리뷰 통과,"- 공격자는 보이지 않는 유니코드·양방향 제어 문자·호모글리프·압축된 생성 코드·테스트용 바이너리에 악성 코드를 숨겨 리뷰어가 보는 코드와 실제 실행 코드를 다르게 만들 수 있음 - 단독으로는 피해가 없지만 악성 변경이 리뷰를 통과하게 해 소스 침해의 성공률을 크게 높이고, 사람 리뷰로는 사실상 찾기 어려움",은닉,오픈소스 · AI,"T1027, T1036","B2, B3",,OSS-RISK-2,"AV-305, AV-306, AV-307, AV-308, AV-309",상,중,높음,45,실제 사고 확인,3,1,2,0,"SCI-001, SCI-111, SCI-149"
[SR] 소스 저장소,SCT-SR-01.3,악의적 코드 기여·메인테이너 악용,메인테이너 권한 획득(장기 신뢰 구축·인계·매수),장기 위장·프로젝트 인계로 메인테이너 권한을 얻어 백도어 배포,"- 공격자는 수년간 정상 기여로 신뢰를 쌓거나 지친 메인테이너에게서 관리 권한을 넘겨받고, 프로젝트·확장을 사들여 정식 메인테이너로서 악성 변경을 릴리스할 수 있음 - 메인테이너 명의의 변경은 정상 업데이트로 신뢰받아 배포판·다운스트림 전체로 퍼지고, 사람의 의도를 기술로 가려내기 어려움","초기 침투, 지속성",오픈소스,"T1195.001, T1684",A,,"OSS-RISK-2, OSS-RISK-4","AV-800, AV-601",상,상,매우 높음,27,실제 사고 확인,4,0,9,0,"SCI-031, SCI-033, SCI-054, SCI-111"
[SR] 소스 저장소,SCT-SR-01.4,악의적 코드 기여·메인테이너 악용,메인테이너의 의도적 악성화(프로테스트웨어·사보타주),메인테이너가 항의·사보타주 목적으로 패키지에 파괴 코드 삽입,"- 정상 메인테이너가 정치적 항의·무상 노동 반발 등으로 무한 루프·파일 덮어쓰기 같은 코드를 자신의 패키지에 넣어 배포할 수 있음 - 공개적으로 드러나 수 시간~수일 안에 철회되는 경향이지만, 버전 범위로 최신판을 자동 수용한 프로젝트는 즉시 멈추거나 파일이 훼손됨",영향,오픈소스,"T1195.001, T1485",A,,OSS-RISK-2,AV-801,상,중,높음,50,실제 사고 확인,2,0,9,0,"SCI-071, SCI-072"
[SR] 소스 저장소,SCT-SR-02.1,변경 통제 우회,리뷰·브랜치 보호 우회와 직접 반영,탈취·관리자 권한으로 리뷰 없이 보호 브랜치에 악성 변경 반영,"- 공격자는 탈취한 메인테이너·관리자 계정이나 리뷰 예외·자동 병합 결함을 이용해 리뷰 없이 기본 브랜치에 악성 코드·워크플로를 반영할 수 있음 - 반영된 변경은 다음 빌드·릴리스에 그대로 실리고, 자동화 계정 커밋으로 위장하면 수천 개 저장소에 동시에 적용되어도 눈에 띄지 않음","초기 침투, 방어 무력화",오픈소스 · CI/CD · 상용 SW,"T1195.001, T1078",B1,"CICD-SEC-1, CICD-SEC-2",OSS-RISK-9,"AV-302, AV-303",상,상,매우 높음,13,실제 사고 확인,8,4,9,0,"SCI-029, SCI-048, SCI-057, SCI-097, SCI-141, SCI-145, SCI-165, SCI-166"
[SR] 소스 저장소,SCT-SR-02.2,변경 통제 우회,태그 재지정·커밋 이력 조작·메타데이터 위조,버전 태그를 악성 커밋으로 옮기고 커밋 작성자·이력을 위조,"- 공격자는 저장소 쓰기 권한으로 기존 버전 태그를 악성 커밋으로 옮기거나 이력을 바꾸고, 커밋 작성자·시간을 신뢰받는 사람·봇으로 위조할 수 있음 - 태그를 참조하는 모든 소비자가 다음 실행에서 곧바로 악성 코드를 받으며, 화면상 이력은 정상처럼 보여 사후 추적도 어려움","방어 무력화, 은닉",오픈소스 · CI/CD,"T1195.001, T1036","B2, B4","CICD-SEC-1, CICD-SEC-9",OSS-RISK-9,AV-303,상,상,매우 높음,18,실제 사고 확인,6,4,9,1,"SCI-057, SCI-097, SCI-133, SCI-153, SCI-154, SCI-165"
[SR] 소스 저장소,SCT-SR-03,소스 관리(SCM) 서버·플랫폼 침해,소스 관리(SCM) 서버·플랫폼 침해,SCM 서버 취약점·관리자 권한으로 저장소·리뷰 기록 전체 조작,"- 공격자는 자체 호스팅 Git 서버·SCM 플랫폼의 취약점이나 관리자 권한을 이용해 저장소 내용·브랜치 보호·리뷰 기록을 마음대로 바꾸거나 소스를 빼낼 수 있음 - 플랫폼 하나가 그 위의 모든 저장소의 신뢰 기반이라 영향이 전사로 번지고, 플랫폼 기록 자체가 조작되면 사후 검증도 어려움","초기 침투, 지속성",오픈소스 · 상용 SW · CI/CD,"T1190, T1195.002, T1213.003",C,"CICD-SEC-7, CICD-SEC-2",OSS-RISK-2,"AV-303, AV-700, AV-701, AV-702",상,상,매우 높음,28,실제 사고 확인,4,0,23,8,"SCI-001, SCI-004, SCI-014, SCI-057"
[DP] 의존성,SCT-DP-01.1,이름 혼동 패키지,타이포스쿼팅·콤보스쿼팅,인기 패키지와 비슷한 이름의 악성 패키지로 설치 실수 유도,"- 공격자는 인기 패키지 이름의 오타·단어 순서·구분자·접두어를 바꾼 악성 패키지를 레지스트리에 올려, 개발자·빌드가 잘못 입력한 이름으로 설치하게 만들 수 있음 - 이름 등록에 제한이 거의 없어 자동화로 대량 게시되고, 설치 즉시 실행되는 스크립트로 비밀·지갑을 빼낸 뒤 삭제돼 흔적이 짧음",초기 침투,오픈소스 · AI,"T1195.001, T1036.005, T1204.005",H,CICD-SEC-3,OSS-RISK-3,"AV-201, AV-202, AV-203, AV-204, AV-205, AV-207",상,중,높음,42,실제 사고 확인,7,0,13,0,"SCI-025, SCI-026, SCI-032, SCI-046, SCI-085, SCI-086, SCI-102"
[DP] 의존성,SCT-DP-01.2,이름 혼동 패키지,브랜드·공식 프로젝트 사칭과 저장소 위장,공식 조직·SDK·저장소를 사칭한 패키지로 신뢰를 가로챔,"- 공격자는 공식 조직·SDK·도구의 이름과 README·저장소를 그대로 흉내 내거나 인기 저장소를 복제해 악성 버전을 퍼뜨려, 정상 제품을 찾는 개발자가 내려받게 만들 수 있음 - 공식처럼 보이는 설명·다운로드 수·별 개수까지 꾸며 신뢰를 얻고, MCP 서버처럼 고권한 도구를 사칭하면 피해가 크게 늘어남",초기 침투,오픈소스 · AI,"T1195.001, T1036.005, T1204.005",H,CICD-SEC-3,OSS-RISK-3,"AV-206, AV-208",상,중,높음,40,실제 사고 확인,9,1,13,0,"SCI-050, SCI-065, SCI-070, SCI-087, SCI-107, SCI-126, SCI-127, SCI-128, SCI-148"
[DP] 의존성,SCT-DP-01.3,이름 혼동 패키지,AI 패키지 환각 악용(슬롭스쿼팅),AI가 지어낸 패키지명을 먼저 등록해 AI 추천 설치를 가로챔,"- 공격자는 AI 코딩 도구가 반복해서 만들어 내는 존재하지 않는 패키지명을 먼저 등록해 두고, 개발자·에이전트가 AI 추천대로 설치하게 만들 수 있음 - 에이전트가 사람 확인 없이 설치까지 수행하면 곧바로 실행되며, 환각 이름은 예측·대량 수집이 가능해 공격 준비 비용이 낮음","초기 침투, 자원 개발",AI · 오픈소스,"T1195.001, T1204.005",H,CICD-SEC-3,OSS-RISK-3,AV-209,중,중,보통,59,실사용 기법 포함,0,0,10,0,
[DP] 의존성,SCT-DP-02.1,의존성 해석·이름 재점유 악용,의존성 혼동(내부 패키지명 선점),내부 패키지명을 공개 레지스트리에 선점해 내부 빌드에서 실행,"- 공격자는 유출·추측한 내부 패키지명을 공개 레지스트리에 더 높은 버전으로 올려, 패키지 관리자가 내부 저장소 대신 공개 패키지를 받도록 만들 수 있음 - 사람의 실수 없이 해석 규칙만으로 내부 개발·빌드 환경에서 자동 실행되며, 정상 이름이라 리뷰·의존성 목록에서 눈에 띄지 않음",초기 침투,오픈소스 · 상용 SW · CI/CD,T1195.001,H,CICD-SEC-3,OSS-RISK-3,"AV-502, AV-509",상,상,매우 높음,26,실제 사고 확인,4,0,9,0,"SCI-070, SCI-081, SCI-087, SCI-103"
[DP] 의존성,SCT-DP-02.2,의존성 해석·이름 재점유 악용,버려진 이름·만료 도메인·저장소 재점유(리포재킹·끊어진 참조),삭제·만료된 이름·버킷을 재등록해 기존 참조를 가로챔,"- 공격자는 삭제·이름 변경된 패키지·저장소, 만료된 도메인, 비워진 클라우드 버킷을 다시 등록해 이를 참조하던 설치 스크립트·의존성에 악성 파일을 내려보낼 수 있음 - 코드 변경 없이 외부 참조만 가로채 소스 리뷰로 보이지 않으며, 주로 방치된 구성요소에서 성립해 늦게 발견됨","자원 개발, 초기 침투",오픈소스,"T1584.001, T1195.001","H, AVL",CICD-SEC-3,"OSS-RISK-4, OSS-RISK-9","AV-501, AV-608",상,중,높음,46,실제 사고 확인,3,0,9,0,"SCI-018, SCI-031, SCI-099"
[DP] 의존성,SCT-DP-03.1,악성 패키지 유입,독자 악성 패키지 게시·유인(가짜 유틸리티·SDK),쓸모 있어 보이는 가짜 유틸리티·SDK 패키지로 정보탈취,"- 공격자는 기존 패키지와 무관한 그럴듯한 유틸리티·SDK·컨테이너 이미지를 새로 올리고 홍보해, 개발자가 직접 설치하게 만들 수 있음 - 레지스트리 감시로 수일 안에 지워지는 경우가 많지만 계정·이름을 바꿔 끝없이 다시 올라오고, 국가 배후 조직이 개발자 표적 공격에 꾸준히 씀","초기 침투, 실행",오픈소스 · AI,"T1195.001, T1608.001, T1204.005",DEP,CICD-SEC-3,OSS-RISK-3,AV-100,상,중,높음,41,실제 사고 확인,8,1,10,0,"SCI-037, SCI-045, SCI-053, SCI-086, SCI-101, SCI-110, SCI-131, SCI-167"
[DP] 의존성,SCT-DP-03.2,악성 패키지 유입,설치·로드 시점 자동 실행(설치 스크립트·.pth·빌드 훅),설치·로드 순간 자동 실행되는 스크립트로 개발·CI 장악,"- 공격자는 설치 전후 스크립트(preinstall·postinstall)·setup.py·빌드 훅·.pth 파일·import 시점 코드에 페이로드를 넣어, 패키지를 쓰기도 전에 개발자·CI 권한으로 실행할 수 있음 - 단독으로는 피해가 없지만 악성·침해 패키지가 설치되는 순간 비밀 수집·웜 전파가 시작되게 만드는 핵심 조건으로, 최근 대형 사고의 확산 속도를 결정함",실행,오픈소스 · CI/CD · AI,"T1546.016, T1059.007, T1059.006, T1204.005",DEP,CICD-SEC-3,OSS-RISK-2,"AV-100, AV-504",상,중,높음,39,실제 사고 확인,15,8,7,1,"SCI-025, SCI-026, SCI-063, SCI-064, SCI-065, SCI-101, SCI-121, SCI-139, SCI-141, SCI-143, SCI-147, SCI-150, SCI-155, SCI-158, SCI-166"
[DP] 의존성,SCT-DP-04,알려진 취약점이 있는 구성요소 사용(구버전·미추적 의존성 포함),알려진 취약점이 있는 구성요소 사용(구버전·미추적 의존성 포함),알려진 취약점이 있는 내장 구성요소로 제품·서비스가 대량 침해,"- 공격자는 제품·서비스가 내장한 오픈소스 라이브러리의 공개 취약점을 노려, 그 구성요소를 쓰는 모든 시스템을 동시에 공격할 수 있음 - 전이 의존성·번들 사본으로 깊이 들어 있어 사용 여부부터 파악하기 어렵고, SBOM·인벤토리가 없으면 패치까지 수주가 걸림",초기 침투,오픈소스 · 상용 SW,"T1190, T1195.001",DEP,CICD-SEC-3,"OSS-RISK-1, OSS-RISK-5, OSS-RISK-6, OSS-RISK-4",,상,상,매우 높음,38,실제 사고 확인,2,0,9,16,"SCI-067, SCI-105"
[DP] 의존성,SCT-DP-05,가변 참조·버전 미고정으로 악성 변경 자동 수용,가변 참조·버전 미고정으로 악성 변경 자동 수용,버전 범위·변경 가능한 태그·최신 CDN 경로로 악성 버전 자동 수용,"- 공격자는 상류 패키지·액션·스크립트를 침해한 순간, 버전 범위·태그·최신 경로로 참조하는 모든 소비자에게 검토 없이 악성 버전을 배포할 수 있음 - 단독으로는 피해가 없지만 상류 침해의 확산 범위와 속도를 결정하며, 고정하지 않은 참조는 사고 뒤 어떤 버전이 실행됐는지 추적도 어렵게 함",초기 침투,오픈소스 · CI/CD · 서드파티,T1195.001,"H, I","CICD-SEC-3, CICD-SEC-8",OSS-RISK-9,,상,중,높음,44,실제 사고 확인,4,1,9,0,"SCI-071, SCI-096, SCI-122, SCI-133"
[DP] 의존성,SCT-DP-06,AI 모델·데이터셋 저장소의 악성 모델 유입,AI 모델·데이터셋 저장소의 악성 모델 유입,모델 허브의 악성 직렬화 모델로 불러오는 순간 코드 실행,"- 공격자는 모델 허브에 악성 코드가 든 직렬화(pickle 등) 모델·데이터셋을 올려, 이를 불러오는 개발·운영 환경에서 코드를 실행할 수 있음 - 모델 파일은 코드로 인식되지 않아 일반 악성코드 점검을 피하고, 허브 스캐너도 압축 방식 변경 같은 단순 회피로 우회됨","실행, 초기 침투",AI · 오픈소스,"T1195.001, T1204.005",DEP,CICD-SEC-3,"OSS-RISK-2, OSS-RISK-3",AV-100,중,중,보통,60,실사용 기법 포함,0,0,10,0,
[BD] 빌드·CI/CD,SCT-BD-01.1,오염된 파이프라인 실행(PPE),외부 기여(PR)로 파이프라인 코드 실행(pull_request_target·스크립트 주입),외부 PR로 신뢰된 파이프라인에서 코드 실행해 게시 자격 탈취,"- 공격자는 포크 PR·브랜치 이름·이슈 제목 같은 외부 입력으로 pull_request_target 워크플로나 스크립트 주입 결함을 건드려, 저장소 권한으로 도는 파이프라인에서 코드를 실행할 수 있음 - 계정 하나만 있으면 누구나 시도할 수 있고, 실행된 코드가 게시 토큰·OIDC 토큰·캐시에 닿아 정상 게시 주체 명의로 악성 버전이 배포됨",실행,오픈소스 · CI/CD · AI,T1677,"D, E","CICD-SEC-4, CICD-SEC-5",OSS-RISK-2,AV-401,상,상,매우 높음,24,실제 사고 확인,4,3,4,1,"SCI-119, SCI-143, SCI-152, SCI-162"
[BD] 빌드·CI/CD,SCT-BD-01.2,오염된 파이프라인 실행(PPE),저장소 쓰기 권한으로 워크플로·빌드 스크립트 변조,탈취한 쓰기 권한으로 워크플로 변조해 저장소 비밀 대량 반출,"- 공격자는 탈취한 계정·토큰의 저장소 쓰기 권한으로 워크플로·빌드 스크립트에 비밀 반출·백도어 코드를 넣어, 저장소에 연결된 비밀과 배포 권한을 그대로 쓸 수 있음 - 봇·자동화 계정 커밋으로 위장해 리뷰를 피하고, 스크립트로 수백~수천 개 저장소에 동시에 적용되어 비밀 유출 규모가 커짐","실행, 지속성",오픈소스 · CI/CD,T1677,D,"CICD-SEC-4, CICD-SEC-1",OSS-RISK-2,AV-402,상,상,매우 높음,25,실제 사고 확인,4,3,4,0,"SCI-097, SCI-145, SCI-147, SCI-165"
[BD] 빌드·CI/CD,SCT-BD-02.1,빌드 시스템·환경 침해,빌드 서버 침해로 산출물 변조(빌드 주입),빌드 서버 침해로 정식 서명 산출물에 백도어 삽입,"- 공격자는 빌드 서버·빌드 환경을 장악해 컴파일 직전 소스를 바꿔치기하거나 산출물에 악성 코드를 넣어, 정식 서명·업데이트 경로로 전 고객에게 배포할 수 있음 - 저장소의 소스는 깨끗해 코드 리뷰·소스 점검으로 드러나지 않고, 정식 서명이 붙어 고객 쪽 검증도 통과함","초기 침투, 지속성",상용 SW · 오픈소스,"T1195.002, T1554",E,CICD-SEC-7,OSS-RISK-2,"AV-403, AV-700, AV-701, AV-702",상,상,매우 높음,16,실제 사고 확인,7,0,14,1,"SCI-009, SCI-020, SCI-021, SCI-042, SCI-043, SCI-052, SCI-090"
[BD] 빌드·CI/CD,SCT-BD-02.2,빌드 시스템·환경 침해,빌드 캐시·공유 자원 오염,낮은 권한 작업이 오염시킨 빌드 캐시로 릴리스 산출물 변조,"- 공격자는 PR 검사처럼 권한이 낮은 작업에서 빌드 캐시·공유 디렉터리를 오염시켜, 같은 캐시를 복원하는 릴리스 작업이 악성 코드를 실행하거나 산출물에 담게 할 수 있음 - 게시 워크플로 자체는 바뀌지 않아 리뷰·출처 증명이 정상으로 보이고, 캐시 키가 같으면 오염이 여러 실행에 걸쳐 남음","지속성, 실행",오픈소스 · CI/CD,T1677,E,"CICD-SEC-4, CICD-SEC-5",OSS-RISK-2,AV-401,상,상,매우 높음,34,실제 사고 확인,2,1,4,0,"SCI-119, SCI-162"
[BD] 빌드·CI/CD,SCT-BD-02.3,빌드 시스템·환경 침해,자체 호스팅 러너·빌드 이미지 장악,상주형 자체 호스팅 러너 장악으로 이후 빌드·비밀에 지속 접근,"- 공격자는 작업이 끝나도 초기화되지 않는 자체 호스팅 러너를 장악하거나 감염 단말을 러너로 등록해, 이후 실행되는 빌드·릴리스 작업과 그 비밀에 계속 접근할 수 있음 - 러너는 내부망·클라우드 권한을 함께 가진 경우가 많아 CI 침해가 사내 인프라 침투로 이어지고, 정상 러너 통신이라 원격 제어가 눈에 띄지 않음","지속성, 권한 상승",CI/CD · 오픈소스 · AI,"T1677, T1525",E,"CICD-SEC-5, CICD-SEC-7",,"AV-401, AV-403",중,상,높음,51,실제 사고 확인,1,1,4,0,SCI-150
[BD] 빌드·CI/CD,SCT-BD-03.1,CI/CD 시스템·서비스 침해,CI/CD 서버 취약점·설정 미흡 악용,노출된 CI/CD 서버 취약점 악용으로 빌드·배포 경로 장악,"- 공격자는 인터넷에 노출된 Jenkins·TeamCity 같은 CI/CD 서버의 인증 우회·원격 코드 실행 취약점이나 기본 설정을 악용해, 소스·비밀·배포 권한이 모인 서버를 장악할 수 있음 - 장악한 서버는 모든 빌드와 고객 배포 경로에 닿아 빌드 주입과 내부 침투의 발판이 되고, 국가 배후 조직과 랜섬웨어 조직이 모두 노림",초기 침투,CI/CD · 상용 SW,T1190,E,"CICD-SEC-7, CICD-SEC-10",,"AV-403, AV-700, AV-701, AV-702",상,상,매우 높음,29,실제 사고 확인,3,0,1,10,"SCI-051, SCI-109, SCI-130"
[BD] 빌드·CI/CD,SCT-BD-03.2,CI/CD 시스템·서비스 침해,CI/CD·개발 SaaS 공급자 침해(고객 비밀 대량 노출),CI/CD SaaS 침해로 전 고객 저장 비밀이 한꺼번에 노출,"- 공격자는 서비스형 CI/CD·개발 SaaS 공급자를 침해하거나 플랫폼 결함을 이용해, 그 서비스에 맡긴 모든 고객의 환경변수·토큰·키를 한꺼번에 얻을 수 있음 - 고객은 침해 사실을 공급자 공지로만 알 수 있어 대응이 늦고, 맡겨 둔 비밀을 전부 교체해야 해 운영 부담이 큼","초기 침투, 자격증명 접근",CI/CD · 서드파티,"T1199, T1552.001",E,"CICD-SEC-8, CICD-SEC-6",,AV-700,상,상,매우 높음,37,실제 사고 확인,2,0,15,0,"SCI-062, SCI-091"
[BD] 빌드·CI/CD,SCT-BD-04,서드파티 액션·플러그인·빌드 도구 오염,서드파티 액션·플러그인·빌드 도구 오염,침해된 서드파티 CI 액션·빌드 도구로 파이프라인 비밀 대량 탈취,"- 공격자는 많은 파이프라인이 가져다 쓰는 서드파티 액션·플러그인·보안 스캐너를 침해해 버전 태그를 악성 커밋으로 옮기거나 악성 릴리스를 올려, 이를 실행하는 모든 파이프라인의 비밀을 빼낼 수 있음 - 액션은 그 작업의 비밀 전체에 접근하고 태그 참조로 즉시 전파되며, 빼낸 비밀이 다음 도구 침해로 이어져 연쇄 공격이 됨","초기 침투, 실행",CI/CD · 오픈소스,"T1195.001, T1677",DEP,"CICD-SEC-8, CICD-SEC-3","OSS-RISK-2, OSS-RISK-9",AV-504,상,상,매우 높음,22,실제 사고 확인,4,4,9,3,"SCI-133, SCI-153, SCI-154, SCI-160"
[SC] 비밀·자격증명,SCT-SC-01.1,비밀 노출,코드·이미지·패키지 내 하드코딩 비밀 노출,코드·이미지·패키지에 남은 비밀 노출로 저장소·클라우드 무단 접근,"- 공격자는 공개 저장소·컨테이너 이미지·배포 패키지에 하드코딩되거나 빌드 중 남은 키·토큰을 수집해, 그 권한으로 저장소·클라우드·게시 계정에 접근할 수 있음 - 커밋 이력·이미지 레이어·컴파일 파일처럼 눈에 띄지 않는 곳에 오래 남고, 게시·관리자 권한 토큰이면 공급망 전체 침해로 이어짐","자격증명 접근, 정찰",오픈소스 · 상용 SW · CI/CD · AI,"T1552.001, T1593.003",,CICD-SEC-6,,AV-605,상,중,높음,49,실제 사고 확인,2,0,6,0,"SCI-047, SCI-084"
[SC] 비밀·자격증명,SCT-SC-01.2,비밀 노출,CI/CD 로그·산출물로 비밀 유출,빌드 로그·아티팩트에 찍힌 비밀을 외부인이 수집해 악용,"- 공격자는 공개 저장소의 빌드 로그·업로드 아티팩트·포크 빌드에 출력되거나 담긴 토큰·키를 내려받아, 그 권한으로 저장소·레지스트리·클라우드에 접근할 수 있음 - 로그 마스킹은 인코딩·분할 출력으로 쉽게 우회되고 공개 로그는 누구나 볼 수 있어 노출 즉시 악용되지만, 피해는 노출된 비밀의 권한 범위에 한정됨",자격증명 접근,CI/CD · 오픈소스,T1552.001,E,"CICD-SEC-6, CICD-SEC-10",,AV-605,상,중,높음,48,실제 사고 확인,2,1,2,0,"SCI-062, SCI-133"
[SC] 비밀·자격증명,SCT-SC-02.1,파이프라인 자격증명 탈취·남용,러너·빌드 환경의 비밀 수집(환경변수·메모리·메타데이터),러너 환경변수·메모리·메타데이터에서 배포·게시 비밀 일괄 수집,"- 공격자는 빌드 중 실행되는 악성 패키지·액션·스크립트로 러너의 환경변수·프로세스 메모리·클라우드 메타데이터에서 배포 키·게시 토큰·서명 자격을 한꺼번에 수집할 수 있음 - 러너에는 운영 배포와 게시에 필요한 비밀이 모여 있어 한 번의 수집이 운영 환경·배포 경로 장악으로 이어지고, 정상 빌드 안에서 일어나 눈에 띄지 않음",자격증명 접근,CI/CD · 오픈소스 · AI,"T1552.001, T1552.005, T1528",E,"CICD-SEC-6, CICD-SEC-5",,,상,상,매우 높음,11,실제 사고 확인,9,7,5,0,"SCI-055, SCI-097, SCI-145, SCI-147, SCI-150, SCI-153, SCI-154, SCI-165, SCI-166"
[SC] 비밀·자격증명,SCT-SC-02.2,파이프라인 자격증명 탈취·남용,게시 토큰·OIDC 신뢰 게시 자격 탈취,게시 토큰·OIDC 자격 탈취로 정상 게시 주체 명의 악성 버전 배포,"- 공격자는 개발자 단말·러너·설정 파일에서 레지스트리 게시 토큰을 빼내거나 릴리스 작업 중 러너 메모리에서 OIDC 토큰을 꺼내, 정상 게시 주체 명의로 악성 버전을 올릴 수 있음 - 신뢰 게시(OIDC)·출처 증명은 '정상 워크플로가 게시했다'는 사실만 보증해, 워크플로 안에서 탈취한 자격으로 올린 악성 버전도 정상으로 보임",자격증명 접근,오픈소스 · CI/CD · AI,"T1528, T1550.001","E, F","CICD-SEC-6, CICD-SEC-2",OSS-RISK-2,AV-605,상,상,매우 높음,12,실제 사고 확인,8,4,6,0,"SCI-030, SCI-119, SCI-121, SCI-122, SCI-143, SCI-155, SCI-162, SCI-163"
[SC] 비밀·자격증명,SCT-SC-02.3,파이프라인 자격증명 탈취·남용,과다 권한·장기 토큰과 불완전한 교체,과다 권한·장기 토큰과 교체 누락으로 침해 범위·기간 확대,"- 공격자는 필요 이상 권한을 가진 장기 토큰이나 침해 뒤 교체에서 빠진 토큰을 이용해, 처음 침해보다 넓은 범위에 오래 접근하거나 수습된 사고를 다시 일으킬 수 있음 - 단독으로는 피해가 없지만 다른 탈취·실행 위협의 피해 범위와 지속 기간을 결정하며, 토큰 목록이 없으면 교체 누락을 알기 어려움","권한 상승, 지속성",CI/CD · 오픈소스,"T1078.004, T1528",,"CICD-SEC-2, CICD-SEC-5, CICD-SEC-6",,,상,중,높음,47,실제 사고 확인,2,2,5,0,"SCI-152, SCI-153"
[SC] 비밀·자격증명,SCT-SC-03.1,개발자·메인테이너 계정 탈취,피싱·가짜 보안 공지로 메인테이너 계정 탈취,레지스트리 사칭 피싱으로 메인테이너 계정·토큰 탈취,"- 공격자는 레지스트리·플랫폼 지원팀을 사칭한 2FA 재설정·계정 검증·정책 위반 메일과 오타 도메인으로 메인테이너의 비밀번호·OTP·토큰을 가로채거나 악성 OAuth 앱 권한을 승인받을 수 있음 - 인기 패키지 메인테이너 계정 하나로 주간 수십억 회 내려받는 패키지에 악성 버전이 실리고, OTP 방식 MFA·OAuth 동의는 피싱으로 우회됨","자격증명 접근, 초기 침투",오픈소스 · AI,"T1566.002, T1586",,CICD-SEC-2,OSS-RISK-2,"AV-602, AV-606",상,상,매우 높음,14,실제 사고 확인,8,3,0,0,"SCI-077, SCI-078, SCI-096, SCI-120, SCI-123, SCI-139, SCI-142, SCI-146"
[SC] 비밀·자격증명,SCT-SC-03.2,개발자·메인테이너 계정 탈취,자격증명 재사용·무차별 대입·세션 탈취,재사용 비밀번호·탈취 쿠키로 MFA 없는 메인테이너 계정 장악,"- 공격자는 다른 곳에서 유출된 비밀번호·추측하기 쉬운 비밀번호·탈취한 브라우저 쿠키로 MFA가 없거나 우회되는 메인테이너·관리자 계정에 로그인할 수 있음 - 오래 쓰지 않은 방치 계정일수록 노리기 쉽고, 장악 즉시 악성 버전 게시·저장소 변조·조직 파괴로 이어짐",자격증명 접근,오픈소스 · CI/CD,"T1110.004, T1110, T1539",,CICD-SEC-2,OSS-RISK-2,"AV-603, AV-604, AV-607",상,상,매우 높음,10,실제 사고 확인,10,0,0,0,"SCI-002, SCI-007, SCI-029, SCI-030, SCI-040, SCI-041, SCI-047, SCI-048, SCI-106, SCI-126"
[SC] 비밀·자격증명,SCT-SC-03.3,개발자·메인테이너 계정 탈취,만료 도메인·계정 복구 경로 탈취,만료된 메일 도메인 재등록·복구 경로로 방치 계정 장악,"- 공격자는 메인테이너 이메일 도메인이 만료된 것을 찾아 재등록하고 비밀번호 재설정 메일을 받아, 비밀번호 없이 계정을 장악할 수 있음 - 대상은 방치 계정으로 한정되지만, 장악하면 정상 계정으로 게시해 기존 사용자에게 악성 버전이 그대로 전달됨","자원 개발, 자격증명 접근",오픈소스,"T1584.001, T1586.002",,CICD-SEC-2,OSS-RISK-4,AV-608,중,중,보통,58,실제 사고 확인,1,0,0,0,SCI-075
[PB] 게시·배포,SCT-PB-01,정상 패키지·확장에 악성 버전 게시,정상 패키지·확장에 악성 버전 게시,탈취한 게시 권한으로 정상 패키지·확장에 악성 버전 게시,"- 공격자는 메인테이너 계정·게시 토큰·CI 게시 경로를 장악해, 사용자가 이미 신뢰하는 패키지·확장의 새 버전으로 악성 코드를 배포할 수 있음 - 자동 업데이트·버전 범위로 수 시간 안에 수많은 개발·운영 환경에 설치되고, 짧게 노출돼도 내려받은 곳마다 비밀 탈취·후속 침해가 남음",초기 침투,오픈소스 · AI · CI/CD,"T1195.001, T1195.002","F, G",CICD-SEC-3,OSS-RISK-2,"AV-504, AV-602",상,상,매우 높음,2,실제 사고 확인,29,15,23,4,"SCI-030, SCI-033, SCI-040, SCI-041, SCI-063, SCI-064, SCI-075, SCI-077, SCI-096, SCI-119, SCI-120, SCI-121, SCI-122, SCI-123, SCI-136, SCI-139, SCI-141, SCI-142, SCI-143, SCI-146, SCI-147, SCI-153, SCI-155, SCI-156, SCI-158, SCI-160, SCI-162, SCI-163, SCI-166"
[PB] 게시·배포,SCT-PB-02.1,배포 인프라·업데이트 경로 침해,공식 다운로드 사이트·미러의 설치 파일 교체,공식 다운로드 사이트·미러 침해로 설치 파일을 악성 버전으로 교체,"- 공격자는 공식 웹사이트·다운로드 서버·미러를 침해해 설치 파일·압축 파일·설치 스크립트를 악성 버전으로 바꿔, 공식 경로로 내려받는 사용자를 감염시킬 수 있음 - 체크섬 페이지까지 같은 서버에서 바뀌거나 유효한 인증서로 서명돼 있어 사용자가 알아채기 어렵고, 발견까지 며칠~수개월 노출됨",초기 침투,상용 SW · 오픈소스,"T1195.002, T1189",G,CICD-SEC-9,OSS-RISK-9,AV-505,상,상,매우 높음,4,실제 사고 확인,19,1,14,2,"SCI-003, SCI-005, SCI-010, SCI-012, SCI-015, SCI-016, SCI-017, SCI-022, SCI-023, SCI-027, SCI-035, SCI-038, SCI-044, SCI-055, SCI-073, SCI-082, SCI-113, SCI-114, SCI-161"
[PB] 게시·배포,SCT-PB-02.2,배포 인프라·업데이트 경로 침해,업데이트 서버·자동 업데이트 채널 장악,업데이트 서버·채널 장악으로 자동 업데이트에 악성코드 배포,"- 공격자는 제품의 업데이트 서버·배포 체계를 장악해 자동 업데이트로 백도어·와이퍼를 내려보내, 설치 기반 전체 또는 골라낸 표적만 감염시킬 수 있음 - 업데이트는 사람 확인 없이 높은 권한으로 설치되고, 정식 서명까지 붙으면 보안 제품도 정상으로 판단함","초기 침투, 실행",상용 SW,T1195.002,G,CICD-SEC-9,,AV-505,상,상,매우 높음,8,실제 사고 확인,12,2,14,3,"SCI-019, SCI-020, SCI-024, SCI-028, SCI-034, SCI-039, SCI-060, SCI-083, SCI-098, SCI-116, SCI-151, SCI-159"
[PB] 게시·배포,SCT-PB-02.3,배포 인프라·업데이트 경로 침해,전송 경로 가로채기(DNS·중간자·도메인·CDN 장악),DNS·중간자·도메인 장악으로 업데이트·스크립트 전송 경로 가로채기,"- 공격자는 ISP·호스팅·DNS·배포 도메인을 장악하거나 내부망 중간자 위치를 잡아, 정상 업데이트·패키지·웹 스크립트 요청을 악성 서버로 돌릴 수 있음 - 제작사 서버가 멀쩡해도 전송 구간에서 바뀌어 서명을 검증하지 않는 클라이언트는 그대로 설치하고, 도메인 인수·만료처럼 합법적 경로로도 장악됨",초기 침투,상용 SW · 서드파티,"T1557, T1584.001, T1584.002, T1195.002",G,CICD-SEC-9,OSS-RISK-9,"AV-502, AV-503, AV-506, AV-507, AV-508",상,상,매우 높음,15,실제 사고 확인,8,2,14,0,"SCI-008, SCI-035, SCI-112, SCI-115, SCI-118, SCI-126, SCI-151, SCI-157"
[PB] 게시·배포,SCT-PB-03.1,코드 서명·출처 증명 악용,서명 키·인증서 탈취와 악성코드 서명,탈취한 코드 서명 키·인증서로 악성코드를 정상 제품처럼 서명,"- 공격자는 공급사의 코드 서명 키·인증서를 탈취하거나 서명 시스템에 악성 파일을 제출해, 악성코드를 정상 제품처럼 서명할 수 있음 - 서명은 보안 제품·운영체제 신뢰 판단의 기준이라 탐지를 피하고, 유출된 키는 폐기 전까지(펌웨어 키는 사실상 장기간) 악용됨","자원 개발, 방어 무력화",상용 SW · 오픈소스,"T1588.003, T1587.002, T1553.002",E,CICD-SEC-6,,AV-403,상,상,매우 높음,6,실제 사고 확인,15,1,94,1,"SCI-009, SCI-016, SCI-021, SCI-034, SCI-039, SCI-043, SCI-052, SCI-082, SCI-090, SCI-094, SCI-098, SCI-113, SCI-114, SCI-117, SCI-161"
[PB] 게시·배포,SCT-PB-03.2,코드 서명·출처 증명 악용,서명·출처 검증 우회(위조 출처·검증 미적용),서명·출처 검증 미적용·허점을 노려 위조 산출물을 정상으로 통과,"- 공격자는 소비자가 서명·출처 증명을 검증하지 않거나 검증 기준이 느슨한 점(서명자·빌드 주체 미확인, 약한 해시)을 노려, 위조·변조한 산출물을 정상으로 통과시킬 수 있음 - 서명·출처 증명을 만들기만 하고 검증하지 않는 경우가 많아 통제가 있어도 효과가 없고, 허점은 사고 뒤에야 드러남",방어 무력화,상용 SW · 오픈소스 · CI/CD,"T1553.002, T1553.003","E, F, VER",CICD-SEC-9,OSS-RISK-9,,중,중,보통,57,실제 사고 확인,1,0,89,0,SCI-008
[PB] 게시·배포,SCT-PB-04,패키지 레지스트리·아티팩트 저장소 침해·결함,패키지 레지스트리·아티팩트 저장소 침해·결함,레지스트리·아티팩트 저장소 침해·결함으로 생태계 패키지 일괄 변조,"- 공격자는 공개 레지스트리·프로젝트 배포 인프라·사내 아티팩트 저장소를 침해하거나 권한 검증 결함을 이용해, 저장된 패키지·산출물을 바꾸거나 남의 패키지를 덮어쓸 수 있음 - 레지스트리 하나가 생태계 전체나 조직의 모든 빌드에 산출물을 공급해 영향 범위가 가장 넓고, 사내 저장소는 외부 노출·패치 지연이 흔함","초기 침투, 지속성",오픈소스 · CI/CD,"T1195.002, T1190",G,CICD-SEC-7,OSS-RISK-2,"AV-505, AV-700, AV-701, AV-702",상,상,매우 높음,21,실제 사고 확인,5,0,15,6,"SCI-002, SCI-005, SCI-006, SCI-007, SCI-038"
[CS] 소비·서드파티 연계,SCT-CS-01,무결성·출처 검증 없는 산출물·업데이트 수용,무결성·출처 검증 없는 산출물·업데이트 수용,해시·서명·출처 검증 없이 산출물·업데이트를 받아 변조를 그대로 실행,"- 공격자는 소비자가 내려받은 스크립트·패키지·업데이트의 해시·서명·출처를 검증하지 않는 점을 노려, 상류나 전송 구간에서 바꾼 산출물을 그대로 실행시킬 수 있음 - 단독으로는 피해가 없지만 상류 변조를 소비 단계에서 걸러낼 마지막 기회를 놓치게 하며, 내려받아 바로 실행하는 스크립트·자동 업데이트처럼 검증 없는 관행이 넓게 퍼져 있음",실행,상용 SW · 오픈소스 · CI/CD,T1195.002,"I, VER",CICD-SEC-9,"OSS-RISK-9, OSS-RISK-6","AV-503, AV-508",상,중,높음,43,실제 사고 확인,5,2,14,2,"SCI-055, SCI-115, SCI-118, SCI-151, SCI-159"
[CS] 소비·서드파티 연계,SCT-CS-02.1,신뢰 관계·배포 도구 악용,MSP·원격 관리(RMM) 도구 경유 다운스트림 배포,MSP·원격 관리 도구 장악으로 고객사 전 단말에 랜섬웨어 배포,"- 공격자는 MSP가 운영하는 원격 관리(RMM) 서버·계정을 취약점·탈취 자격증명으로 장악해, 관리 기능으로 고객사 단말 전체에 랜섬웨어·원격 제어 도구를 배포할 수 있음 - RMM은 고객사 전 단말에서 관리자 권한으로 코드를 실행하도록 설계돼 공급자 한 곳의 침해가 다수 고객사 동시 피해로 번지고, 정상 관리 행위와 구분하기 어려움","초기 침투, 실행",서드파티 · 상용 SW,"T1199, T1072, T1219",,CICD-SEC-8,,,상,상,매우 높음,35,실제 사고 확인,2,1,21,16,"SCI-061, SCI-138"
[CS] 소비·서드파티 연계,SCT-CS-02.2,신뢰 관계·배포 도구 악용,내부 소프트웨어 배포·패치 관리 시스템 악용,내부 배포·패치 관리 서버 장악으로 전사 단말에 악성코드 일괄 배포,"- 공격자는 조직 내부의 소프트웨어 배포·패치 관리·구성 관리 서버를 장악해, 정상 배포 기능으로 전사 단말·서버에 와이퍼·랜섬웨어를 한꺼번에 실행할 수 있음 - 배포 서버는 모든 단말에서 관리자 권한으로 코드를 실행할 수 있어 한 번의 장악이 전사 동시 파괴로 이어지고, 정상 배포 작업과 구분하기 어려움","실행, 횡적 이동",상용 SW,T1072,,,,,중,상,높음,53,실제 사고 확인,1,0,10,12,SCI-011
[CS] 소비·서드파티 연계,SCT-CS-02.3,신뢰 관계·배포 도구 악용,공급업체 계정·원격 지원 접근 경유 침입,공급업체의 고객 관리 권한·지원 계정을 거쳐 고객 환경에 침입,"- 공격자는 IT 관리 SaaS·개발 플랫폼·기술 협력사를 먼저 침해해, 그 업체가 가진 고객 관리 권한·원격 지원 계정·연결망으로 고객 환경에 들어갈 수 있음 - 정상 공급업체 접근이라 탐지가 어렵고 한 업체를 거쳐 여러 고객사에 동시에 닿으며, 공격자는 암호화폐 기업 같은 고가치 고객을 골라 노림",초기 침투,서드파티,"T1199, T1078",,CICD-SEC-8,,,상,상,매우 높음,30,실제 사고 확인,3,0,13,0,"SCI-092, SCI-104, SCI-130"
[CS] 소비·서드파티 연계,SCT-CS-03.1,서드파티 서비스·스크립트 연동 침해,SaaS 연동 앱·OAuth 토큰 탈취와 연쇄 접근,연동 앱 공급자의 OAuth 토큰 탈취로 고객 데이터·저장소 대량 접근,"- 공격자는 SaaS 연동 앱 공급자가 보관한 고객 OAuth·API 토큰을 탈취해, 그 앱을 승인한 모든 고객의 저장소·데이터에 MFA 없이 접근할 수 있음 - 연동 토큰 사용은 고객 쪽 로그인 기록에 잘 드러나지 않고 권한이 넓은 경우가 많으며, 빼낸 데이터 속 비밀이 다음 침해로 이어짐","자격증명 접근, 수집",서드파티 · CI/CD,"T1528, T1550.001, T1199",,"CICD-SEC-8, CICD-SEC-2",,AV-605,상,상,매우 높음,36,실제 사고 확인,2,1,19,0,"SCI-074, SCI-144"
[CS] 소비·서드파티 연계,SCT-CS-03.2,서드파티 서비스·스크립트 연동 침해,서드파티 웹 스크립트·SDK 변조(CDN·태그),외부에서 불러오는 웹 스크립트·SDK 변조로 이용자 화면·거래 조작,"- 공격자는 웹·앱이 외부 도메인·CDN에서 매번 불러오는 분석·지갑 연결·SDK 스크립트를 변조해, 그 스크립트를 쓰는 모든 서비스 이용자의 화면에서 코드를 실행할 수 있음 - 서비스 운영자의 서버는 멀쩡해 변조를 알아채기 어렵고, 특정 사이트·사용자에게만 동작하게 표적화하면 탐지가 더 늦어짐",초기 침투,서드파티 · 오픈소스,"T1195.002, T1189",G,CICD-SEC-8,OSS-RISK-9,"AV-505, AV-508",상,상,매우 높음,19,실제 사고 확인,6,2,14,0,"SCI-036, SCI-096, SCI-112, SCI-122, SCI-132, SCI-157"
[CS] 소비·서드파티 연계,SCT-CS-04,널리 설치된 서드파티 소프트웨어 취약점의 연쇄 악용,널리 설치된 서드파티 소프트웨어 취약점의 연쇄 악용,기관·금융권 필수·공통 소프트웨어 취약점으로 다수 조직 동시 침해,"- 공격자는 공공·금융 서비스 이용에 필수로 설치되거나 위탁사가 공통으로 쓰는 소프트웨어의 취약점을 노려, 그 소프트웨어가 깔린 다수 조직을 한꺼번에 침해할 수 있음 - 사용자가 설치 사실을 모르거나 업데이트가 늦은 경우가 많고, 워터링홀과 결합하면 특정 업종을 골라 노릴 수 있음","초기 침투, 횡적 이동",상용 SW · 서드파티,"T1190, T1203, T1189",DEP,,OSS-RISK-1,,상,상,매우 높음,31,실제 사고 확인,3,0,2,0,"SCI-093, SCI-100, SCI-137"
[IM] 영향·확산,SCT-IM-01.1,다운스트림 확산,다운스트림 고객·사용자 대량 침해,정상 소프트웨어 경로로 수천~수만 조직에 백도어 동시 설치,"- 공격자는 침해한 공급자의 정상 소프트웨어·업데이트·관리 도구로 수천~수만 고객 환경에 백도어·랜섬웨어를 동시에 설치하고, 그중 고가치 대상을 골라 후속 침투할 수 있음 - 고객은 신뢰하는 공급자의 정상 배포를 받았을 뿐이라 탐지와 책임 구분이 어렵고, 영향 범위 파악과 복구에 수개월이 걸림","영향, 초기 침투",상용 SW · 오픈소스 · 서드파티,"T1195.002, T1199",,,OSS-RISK-2,,상,상,매우 높음,9,실제 사고 확인,11,2,23,0,"SCI-013, SCI-019, SCI-021, SCI-039, SCI-052, SCI-061, SCI-090, SCI-100, SCI-111, SCI-138, SCI-158"
[IM] 영향·확산,SCT-IM-01.2,다운스트림 확산,연쇄 공급망 침해(한 침해가 다음 공급망 침해로),한 침해에서 빼낸 비밀로 다음 공급자를 침해하는 연쇄 확산,"- 공격자는 한 공급망 침해에서 얻은 토큰·소스·단말 접근을 재료로 다른 프로젝트·공급자를 잇달아 침해해 피해를 기하급수로 넓힐 수 있음 - 침해 원점과 경로가 여러 조직에 걸쳐 추적이 어렵고, 피해 조직이 교체를 늦추거나 빠뜨리면 같은 공격자가 다시 들어옴","영향, 횡적 이동",오픈소스 · CI/CD · 상용 SW · AI,"T1195.001, T1195.002",,"CICD-SEC-3, CICD-SEC-8",OSS-RISK-2,,상,상,매우 높음,7,실제 사고 확인,13,10,23,0,"SCI-035, SCI-090, SCI-103, SCI-133, SCI-152, SCI-153, SCI-154, SCI-155, SCI-156, SCI-160, SCI-162, SCI-163, SCI-164"
[IM] 영향·확산,SCT-IM-02,자가 전파형 공급망 웜,자가 전파형 공급망 웜,감염 환경의 게시 토큰으로 자신을 재게시하는 공급망 웜 확산,"- 공격자는 감염 환경에서 게시 토큰·자격증명을 찾아 그 계정의 다른 패키지·확장에 자기 자신을 다시 게시하는 코드를 넣어, 사람 개입 없이 수백 개 패키지로 퍼지게 할 수 있음 - 확산 속도가 사람의 대응보다 빠르고 감염 계정마다 정상 게시 주체라 차단 기준을 세우기 어려우며, 일부 변종은 파괴 기능까지 갖춤","횡적 이동, 영향",오픈소스 · CI/CD · AI,"T1195.001, T1528, T1677",,"CICD-SEC-6, CICD-SEC-3",OSS-RISK-2,,상,상,매우 높음,17,실제 사고 확인,6,5,11,0,"SCI-049, SCI-147, SCI-149, SCI-150, SCI-162, SCI-166"
[IM] 영향·확산,SCT-IM-03,개발 비밀·소스 코드 대량 반출,개발 비밀·소스 코드 대량 반출,개발 환경의 비밀·소스 코드를 대량 반출해 후속 침해 재료로 사용,"- 공격자는 악성 패키지·침해된 도구·탈취 계정·연동 토큰으로 개발 환경의 비밀·소스 코드·저장소를 대량으로 빼내 후속 침해·갈취·취약점 발굴에 쓸 수 있음 - 반출된 비밀은 교체 전까지 계속 유효하고 소스는 회수할 수 없어 피해가 장기화되며, 탈취 정보를 공개 저장소에 올려 2차 악용까지 일어남","수집, 반출",오픈소스 · 상용 SW · CI/CD,"T1213.003, T1567.001, T1552.001",,"CICD-SEC-6, CICD-SEC-10",,,상,상,매우 높음,1,실제 사고 확인,34,13,11,0,"SCI-004, SCI-026, SCI-046, SCI-051, SCI-055, SCI-060, SCI-074, SCI-075, SCI-078, SCI-079, SCI-080, SCI-081, SCI-085, SCI-088, SCI-091, SCI-094, SCI-099, SCI-100, SCI-123, SCI-126, SCI-131, SCI-141, SCI-143, SCI-144, SCI-145, SCI-147, SCI-148, SCI-150, SCI-155, SCI-156, SCI-160, SCI-164, SCI-165, SCI-167"
[IM] 영향·확산,SCT-IM-04,금전 탈취(암호자산 가로채기·크립토재킹),금전 탈취(암호자산 가로채기·크립토재킹),지갑 주소 바꿔치기·서명 조작·채굴기로 직접 금전 피해,"- 공격자는 공급망으로 배포한 코드로 지갑 주소·거래 서명을 바꿔치기하거나 지갑 시드·개인 키를 빼내고, 감염 시스템에 채굴기를 심어 직접 금전 이익을 얻을 수 있음 - 암호자산 거래는 승인 즉시 되돌릴 수 없고, 특정 지갑·거래소·서명자만 노리도록 표적화하면 일반 사용자 화면에서는 이상이 보이지 않음",영향,오픈소스 · 서드파티,"T1657, T1496.001",,,,,상,상,매우 높음,3,실제 사고 확인,23,5,2,0,"SCI-027, SCI-028, SCI-032, SCI-033, SCI-036, SCI-037, SCI-044, SCI-045, SCI-063, SCI-065, SCI-092, SCI-096, SCI-102, SCI-104, SCI-119, SCI-120, SCI-121, SCI-122, SCI-132, SCI-136, SCI-146, SCI-149, SCI-157"
[IM] 영향·확산,SCT-IM-05,파괴·사보타주·가용성 훼손,파괴·사보타주·가용성 훼손,공급망으로 동시에 퍼진 와이퍼·삭제·사보타주로 전사 업무 중단,"- 공격자나 악의적 메인테이너는 공급망 경로로 와이퍼·랜섬웨어·삭제 코드를 퍼뜨리거나 패키지·저장소를 지우고 망가뜨려, 이를 쓰는 조직의 업무·빌드를 동시에 멈출 수 있음 - 동시에 퍼진 파괴는 복구에 수주가 걸리고, 메인테이너 본인의 사보타주·게시 철회처럼 공격이 아닌 경로로도 같은 가용성 피해가 남",영향,상용 SW · 오픈소스,"T1485, T1489, T1499",AVL,,,,상,상,매우 높음,5,실제 사고 확인,15,4,0,0,"SCI-011, SCI-017, SCI-018, SCI-019, SCI-029, SCI-047, SCI-061, SCI-071, SCI-072, SCI-083, SCI-130, SCI-138, SCI-140, SCI-141, SCI-150"
