도메인,IDT-ID,위협분류,세부위협,핵심 요약,요약설명,공격 단계,신원 유형,ID 환경,ATT&CK,SAT,OWASP NHI,NIST SP 800-63-4,발생가능성,심각도,위험도,우선순위,근거 수준,실제 사고 수,최근 사고,ATT&CK 사례 수,KEV,관련 사례 ID,클라우드 연계,AI 연계,OT 연계,공급망 연계
[AU] 인증 공격,IDT-AU-01.1,비밀번호 기반 공격,비밀번호 스프레이·무차별 대입,,,"자격증명 접근, 초기 침투",인력 · 특권,클라우드 IdP · SaaS · 원격 접속 · 온프레미스 AD,"T1110.001, T1110.002, T1110.003",SAT1007,,"63B-PWD, 63B-RL",상,중,높음,35,실제 사고 확인,6,0,33,1,"IDI-017, IDI-035, IDI-059, IDI-092, IDI-093, IDI-094",CL-CA-01,,OT-LM-04,SCT-SC-03.2
[AU] 인증 공격,IDT-AU-01.2,비밀번호 기반 공격,유출·탈취 자격증명 재사용(유효 계정 악용),,,"초기 침투, 지속성",인력 · 특권,클라우드 IdP · SaaS · 원격 접속 · 개발·CI/CD,"T1078, T1078.004, T1110.004, T1589.001, T1597.002",SAT1011,,"63B-PWD, 63B-AAL",상,중,높음,28,실제 사고 확인,11,1,78,1,"IDI-001, IDI-002, IDI-014, IDI-015, IDI-016, IDI-034, IDI-069, IDI-078, IDI-086, IDI-091, IDI-111","CL-IA-07, CL-CA-01",AI-07-02,OT-LM-02,SCT-SC-03.2
[AU] 인증 공격,IDT-AU-02,기본·하드코딩·공유 자격증명 악용,기본·하드코딩·공유 자격증명 악용,,,"초기 침투, 지속성",특권 · NHI,CIAM·고객 서비스 · 원격 접속 · 온프레미스 AD,"T1078.001, T1552.001",,NHI9,63B-PWD,상,중,높음,44,실제 사고 확인,2,0,46,14,"IDI-043, IDI-095",,,OT-LM-03,SCT-SC-01.1
[AU] 인증 공격,IDT-AU-03.1,다중 인증(MFA) 우회,MFA 승인 요청 폭탄(MFA 피로),,,자격증명 접근,인력,클라우드 IdP · 원격 접속,T1621,SAT1024,,"63B-PR, 63B-OOB",상,중,높음,33,실제 사고 확인,7,0,4,0,"IDI-001, IDI-002, IDI-003, IDI-008, IDI-033, IDI-093, IDI-094",CL-CA-02,,,
[AU] 인증 공격,IDT-AU-03.2,다중 인증(MFA) 우회,SMS·음성 OTP 가로채기와 SIM 스와핑,,,자격증명 접근,고객 · 인력,통신 · CIAM·고객 서비스 · SaaS,T1111,,,"63B-OOB, 63B-PR",상,중,높음,34,실제 사고 확인,6,1,9,0,"IDI-001, IDI-008, IDI-041, IDI-047, IDI-058, IDI-060",,,,
[AU] 인증 공격,IDT-AU-03.3,다중 인증(MFA) 우회,MFA 미적용·레거시 인증 경로 악용,,,초기 침투,인력 · 특권,원격 접속 · SaaS · 클라우드 IdP,"T1078, T1133","SAT1045, SAT1050",,"63B-AAL, 63B-PR",상,상,매우 높음,5,실제 사고 확인,11,0,68,1,"IDI-014, IDI-015, IDI-016, IDI-017, IDI-018, IDI-022, IDI-034, IDI-058, IDI-059, IDI-092, IDI-111",CL-IA-07,,OT-IA-02,
[AU] 인증 공격,IDT-AU-04.1,인증 시스템 취약점 악용,원격 접속·경계 장비 인증 우회,,,초기 침투,인력 · 특권,원격 접속,"T1190, T1133, T1556.004",,,63B-AAL,상,상,매우 높음,23,실제 사고 확인,2,0,33,39,"IDI-087, IDI-091","CL-IA-01, CL-IA-02",,OT-IA-02,
[AU] 인증 공격,IDT-AU-04.2,인증 시스템 취약점 악용,IdP·SSO 제품·연동 구현 결함 악용,,,"초기 침투, 권한 상승",특권 · 인력 · 고객,클라우드 IdP · SaaS · CIAM·고객 서비스,"T1190, T1212, T1606","SAT1025, SAT1032",,"63C-ASSERT, 63C-FAL",중,상,높음,51,실사용 기법 포함,0,0,10,12,,CL-CA-04,,,
[AU] 인증 공격,IDT-AU-05,계정·테넌트 열거와 표적 정찰,계정·테넌트 열거와 표적 정찰,,,"정찰, 탐색",인력,클라우드 IdP · SaaS,"T1589.002, T1087.004, T1087.002","SAT1038, SAT1031, SAT1034, SAT1035, SAT1014, SAT1006, SAT1013",,63B-RL,중,중,보통,55,실제 사고 확인,1,0,80,0,IDI-035,CL-DS-01,AI-01-01,,
[SE] 사회공학·계정 복구 경로,IDT-SE-01.1,자격증명·인증 피싱,가짜 로그인·AiTM 피싱(세션 프록시로 MFA 우회),,,"초기 침투, 자격증명 접근",인력 · 고객,클라우드 IdP · SaaS · 개발·CI/CD,"T1566.002, T1557, T1539","SAT1042, SAT1015, SAT1049, SAT1009",,63B-PR,상,중,높음,27,실제 사고 확인,12,1,35,0,"IDI-004, IDI-029, IDI-030, IDI-049, IDI-063, IDI-065, IDI-074, IDI-077, IDI-079, IDI-080, IDI-082, IDI-083","CL-IA-03, CL-CA-02",AI-01-08,OT-IA-04,SCT-SC-03.1
[SE] 사회공학·계정 복구 경로,IDT-SE-01.2,자격증명·인증 피싱,OAuth 동의·디바이스 코드 피싱,,,"초기 침투, 자격증명 접근",인력,클라우드 IdP · SaaS,"T1566.002, T1528","SAT1010, SAT1012, SAT1040, SAT1051, SAT1048",NHI3,"63C-ASSERT, 63B-PR",상,중,높음,39,실제 사고 확인,3,1,16,0,"IDI-031, IDI-075, IDI-076",CL-PE-03,,,SCT-SC-03.1
[SE] 사회공학·계정 복구 경로,IDT-SE-01.3,자격증명·인증 피싱,SMS·메신저·협업 도구 피싱,,,초기 침투,인력,SaaS · 클라우드 IdP,T1566.003,"SAT1018, SAT1019, SAT1020",,63B-PR,상,중,높음,38,실제 사고 확인,4,0,0,0,"IDI-004, IDI-032, IDI-033, IDI-072",CL-LM-02,,,
[SE] 사회공학·계정 복구 경로,IDT-SE-02.1,헬프데스크·IT 지원 사칭,헬프데스크 사칭으로 비밀번호·MFA 재설정,,,"초기 침투, 지속성",특권 · 인력,클라우드 IdP · 온프레미스 AD,"T1566.004, T1684.001, T1098.005",SAT1003,,"63B-RECOV, 63A-IAL",상,상,매우 높음,8,실제 사고 확인,9,2,22,0,"IDI-001, IDI-005, IDI-006, IDI-007, IDI-008, IDI-009, IDI-010, IDI-011, IDI-064","CL-IA-04, CL-PE-02",AI-01-08,,SCT-SC-03.3
[SE] 사회공학·계정 복구 경로,IDT-SE-02.2,헬프데스크·IT 지원 사칭,IT 지원 사칭으로 원격 지원 허용·연결 앱 승인 유도,,,"초기 침투, 실행",인력,SaaS · 원격 접속,"T1566.004, T1219, T1684.001, T1528",SAT1010,NHI3,63B-PR,상,상,매우 높음,13,실제 사고 확인,4,1,37,0,"IDI-003, IDI-032, IDI-036, IDI-063",CL-IA-04,,,
[SE] 사회공학·계정 복구 경로,IDT-SE-03,계정 복구·재설정 절차 악용,계정 복구·재설정 절차 악용,,,"초기 침투, 횡적 이동",고객 · 인력,CIAM·고객 서비스 · SaaS,"T1098, T1684.001",SAT1003,,"63B-RECOV, 63B-LIFE",상,중,높음,47,실제 사고 확인,2,0,25,3,"IDI-056, IDI-057",,,,SCT-SC-03.3
[SE] 사회공학·계정 복구 경로,IDT-SE-04,딥페이크·AI 음성 사칭,딥페이크·AI 음성 사칭(송금·접근 요청),,,"초기 침투, 영향",인력,SaaS,"T1684.001, T1566.004",,,63A-FRAUD,상,중,높음,48,실제 사고 확인,2,0,19,0,"IDI-013, IDI-072",CL-IA-04,"AI-01-07, AI-01-08",,
[CR] 자격증명 탈취·유출,IDT-CR-01.1,단말 자격증명 탈취,인포스틸러로 브라우저 저장 비밀번호·세션 쿠키 탈취,,,자격증명 접근,인력 · 고객,SaaS · 원격 접속 · 클라우드 IdP,"T1555.003, T1539, T1005","SAT1028, SAT1044",,"63B-SESS, 63B-PR",상,상,매우 높음,7,실제 사고 확인,9,2,114,0,"IDI-002, IDI-003, IDI-016, IDI-018, IDI-067, IDI-068, IDI-069, IDI-070, IDI-073","CL-CA-05, CL-CA-03",AI-07-01,OT-LM-04,SCT-DE-01.1
[CR] 자격증명 탈취·유출,IDT-CR-01.2,단말 자격증명 탈취,OS 자격증명 덤프(LSASS·SAM·캐시),,,자격증명 접근,인력 · 특권,온프레미스 AD,"T1003.001, T1003.002, T1003.005",,,,중,중,보통,56,실제 사고 확인,1,0,100,0,IDI-097,,,OT-LM-04,
[CR] 자격증명 탈취·유출,IDT-CR-01.3,단말 자격증명 탈취,키로깅·입력 가로채기,,,"자격증명 접근, 수집",특권 · 인력,클라우드 인프라 · SaaS,"T1056.001, T1056.004",,,63B-PR,중,중,보통,57,실제 사고 확인,1,0,163,0,IDI-071,,,OT-LM-04,SCT-DE-01.1
[CR] 자격증명 탈취·유출,IDT-CR-02.1,저장·노출된 비밀,코드·설정·문서에 노출된 자격증명,,,자격증명 접근,NHI · 특권,개발·CI/CD · 클라우드 인프라 · SaaS,"T1552.001, T1552.004, T1552.008, T1593.003","SAT1005, SAT1028",NHI2,,상,중,높음,31,실제 사고 확인,8,1,57,6,"IDI-002, IDI-039, IDI-108, IDI-109, IDI-110, IDI-111, IDI-115, IDI-125",CL-CA-05,"AI-02-05, AI-07-01",,SCT-SC-01.1
[CR] 자격증명 탈취·유출,IDT-CR-02.2,저장·노출된 비밀,비밀번호 관리자·자격증명 금고 침해,,,자격증명 접근,특권 · 인력,SaaS · 클라우드 인프라,"T1555.005, T1555.006",,NHI7,63B-SYNC,상,상,매우 높음,24,실제 사고 확인,2,0,20,0,"IDI-070, IDI-071",CL-CA-05,,,
[TS] 토큰·세션·티켓,IDT-TS-01.1,세션·토큰 탈취와 재사용,세션 쿠키 탈취·재사용,,,"자격증명 접근, 횡적 이동",인력 · 고객,SaaS · 클라우드 IdP · 개발·CI/CD,"T1539, T1550.004, T1185","SAT1044, SAT1017",,63B-SESS,상,중,높음,37,실제 사고 확인,5,0,36,1,"IDI-019, IDI-029, IDI-064, IDI-067, IDI-073",CL-CA-03,AI-07-02,,"SCT-DE-01.1, SCT-SC-03.2"
[TS] 토큰·세션·티켓,IDT-TS-01.2,세션·토큰 탈취와 재사용,리프레시 토큰·주 리프레시 토큰(PRT)·장기 토큰 탈취,,,"자격증명 접근, 지속성",인력 · NHI,클라우드 IdP · SaaS · 개발·CI/CD,"T1528, T1550.001","SAT1027, SAT1026",NHI7,"63B-SESS, 63C-ASSERT",상,중,높음,40,실제 사고 확인,3,1,16,0,"IDI-031, IDI-094, IDI-107",CL-CA-03,AI-07-02,,SCT-SC-02.3
[TS] 토큰·세션·티켓,IDT-TS-01.3,세션·토큰 탈취와 재사용,인증 장비 메모리 노출 세션 탈취(Citrix Bleed류),,,"초기 침투, 자격증명 접근",인력 · 고객,원격 접속,"T1190, T1550.004",,,63B-SESS,상,상,매우 높음,16,실제 사고 확인,3,1,10,5,"IDI-088, IDI-089, IDI-090",,,,
[TS] 토큰·세션·티켓,IDT-TS-02.1,Windows·Kerberos 인증 자료 재사용,해시 전달(Pass-the-Hash)·티켓 전달(Pass-the-Ticket),,,횡적 이동,특권 · 인력,온프레미스 AD,"T1550.002, T1550.003",,,,중,중,보통,62,실제 사고 확인,1,0,26,0,IDI-097,CL-LM-01,,OT-LM-02,
[TS] 토큰·세션·티켓,IDT-TS-02.2,Windows·Kerberos 인증 자료 재사용,Kerberoasting·AS-REP Roasting,,,자격증명 접근,NHI · 특권,온프레미스 AD,"T1558.003, T1558.004",,"NHI5, NHI7",63B-PWD,중,중,보통,63,실제 사고 확인,1,0,12,0,IDI-021,,,,
[TS] 토큰·세션·티켓,IDT-TS-02.3,Windows·Kerberos 인증 자료 재사용,강제 인증·NTLM 릴레이,,,"자격증명 접근, 횡적 이동",특권,온프레미스 AD,"T1187, T1557.001",,,,중,중,보통,65,실사용 기법 포함,0,0,10,6,,,,OT-CO-03,
[TS] 토큰·세션·티켓,IDT-TS-03.1,토큰·티켓 위조,Golden Ticket·Silver Ticket 위조,,,"자격증명 접근, 지속성",특권,온프레미스 AD,"T1558.001, T1558.002",,,,중,상,높음,53,실사용 기법 포함,0,0,6,1,,,,,
[TS] 토큰·세션·티켓,IDT-TS-03.2,토큰·티켓 위조,SAML 토큰 위조(Golden SAML),,,"자격증명 접근, 지속성",특권,온프레미스 AD · 클라우드 IdP,"T1606.002, T1552.004",,,"63C-ASSERT, 63C-FAL",상,상,매우 높음,19,실제 사고 확인,3,0,23,0,"IDI-024, IDI-025, IDI-027",CL-CA-04,,,SCT-PB-03.1
[TS] 토큰·세션·티켓,IDT-TS-03.3,토큰·티켓 위조,IdP·서비스 서명 키 탈취와 토큰·쿠키 위조,,,자격증명 접근,특권 · 고객 · NHI,클라우드 IdP · CIAM·고객 서비스,"T1606.001, T1606, T1552.004",,"NHI2, NHI7","63C-ASSERT, 63B-SESS",상,상,매우 높음,17,실제 사고 확인,3,1,23,4,"IDI-026, IDI-042, IDI-126",CL-CA-04,,,SCT-PB-03.1
[DI] 디렉터리·IdP·페더레이션,IDT-DI-01.1,Active Directory 장악,DCSync·NTDS.dit 탈취,,,자격증명 접근,특권,온프레미스 AD,"T1003.006, T1003.003",,,,중,상,높음,49,실제 사고 확인,1,0,32,0,IDI-095,,,OT-LM-04,
[DI] 디렉터리·IdP·페더레이션,IDT-DI-01.2,Active Directory 장악,AD 권한 구성 결함 악용(ACL·그룹 정책·위임),,,"권한 상승, 방어 무력화",특권,온프레미스 AD,"T1484.001, T1222.001, T1134.005, T1098.007",,,,중,중,보통,58,실제 사고 확인,1,0,27,1,IDI-028,,,OT-PV-02,
[DI] 디렉터리·IdP·페더레이션,IDT-DI-01.3,Active Directory 장악,AD 인증서 서비스(AD CS) 악용,,,"자격증명 접근, 권한 상승",특권,온프레미스 AD,T1649,,,,중,상,높음,52,실사용 기법 포함,0,0,4,2,,,,,
[DI] 디렉터리·IdP·페더레이션,IDT-DI-01.4,Active Directory 장악,디렉터리 서비스 취약점 악용(Zerologon·noPac 등),,,권한 상승,특권,온프레미스 AD,"T1068, T1210",,,,중,상,높음,50,실제 사고 확인,1,0,8,4,IDI-096,,,OT-PV-01,
[DI] 디렉터리·IdP·페더레이션,IDT-DI-02,하이브리드 ID·동기화 인프라 침해,하이브리드 ID·동기화 인프라 침해(Entra Connect·AD FS·PTA),,,"자격증명 접근, 권한 상승",특권 · NHI,온프레미스 AD · 클라우드 IdP,"T1556.007, T1078.004",,NHI5,63C-TRUST,상,상,매우 높음,25,실제 사고 확인,2,0,22,0,"IDI-022, IDI-023",CL-PV-02,,,
[DI] 디렉터리·IdP·페더레이션,IDT-DI-03.1,IdP·인증 서비스 침해,IdP·인증 서비스 공급업체 침해,,,"초기 침투, 자격증명 접근",특권 · NHI,클라우드 IdP · 원격 접속,"T1199, T1195",,NHI3,63C-TRUST,상,상,매우 높음,10,실제 사고 확인,6,0,5,0,"IDI-019, IDI-026, IDI-080, IDI-081, IDI-082, IDI-083",CL-IA-06,,,SCT-CS-02.3
[DI] 디렉터리·IdP·페더레이션,IDT-DI-03.2,IdP·인증 서비스 침해,IdP 관리 권한 장악·테넌트 설정 변조(외부 IdP·페더레이션 추가),,,"지속성, 권한 상승",특권,클라우드 IdP,"T1484.002, T1556.007, T1098.003","SAT1041, SAT1047, SAT1030",,"63C-TRUST, 63C-FAL",상,상,매우 높음,14,실제 사고 확인,4,0,7,0,"IDI-005, IDI-007, IDI-022, IDI-027","CL-PV-02, CL-PE-02",,,
[DI] 디렉터리·IdP·페더레이션,IDT-DI-04,인증 모듈·페더레이션 서버 백도어,인증 모듈·페더레이션 서버 백도어(AD FS·DC 인증 패치),,,"지속성, 자격증명 접근",특권,온프레미스 AD,"T1556.001, T1556.002, T1207",,,63C-ASSERT,상,상,매우 높음,18,실제 사고 확인,3,0,7,1,"IDI-024, IDI-025, IDI-098",CL-PE-02,,,
[PE] 특권·권한과 지속성,IDT-PE-01.1,권한 상승·특권 계정,과다 권한·권한 상승 경로 악용,,,권한 상승,인력 · 특권,클라우드 IdP · SaaS · 온프레미스 AD,"T1078, T1098.003, T1548.005, T1069.003","SAT1001, SAT1021",,,중,중,보통,60,실제 사고 확인,1,0,70,0,IDI-063,"CL-PV-01, CL-DS-01",AI-06-01,,
[PE] 특권·권한과 지속성,IDT-PE-01.2,권한 상승·특권 계정,특권 접근 관리(PAM)·관리 도구 체계 침해,,,"권한 상승, 자격증명 접근",특권,SaaS · 온프레미스 AD · CIAM·고객 서비스,"T1555, T1078.003, T1552.001",,NHI10,,상,상,매우 높음,26,실제 사고 확인,2,0,87,0,"IDI-002, IDI-126",,,,
[PE] 특권·권한과 지속성,IDT-PE-02.1,신원 기반 지속성,백도어 계정 생성·자격증명 추가,,,지속성,특권 · NHI,클라우드 IdP · 온프레미스 AD · 클라우드 인프라,"T1136.001, T1136.002, T1136.003, T1098.001",SAT1004,NHI9,63B-LIFE,중,중,보통,61,실제 사고 확인,1,0,44,0,IDI-027,CL-PE-01,AI-07-05,,
[PE] 특권·권한과 지속성,IDT-PE-02.2,신원 기반 지속성,MFA 장치·인증 수단 추가 등록,,,지속성,인력 · 특권,클라우드 IdP,"T1098.005, T1556.006","SAT1043, SAT1017, SAT1002",,"63B-LIFE, 63B-RECOV",상,중,높음,32,실제 사고 확인,8,1,7,0,"IDI-003, IDI-007, IDI-008, IDI-030, IDI-031, IDI-072, IDI-093, IDI-094",CL-PE-02,,,
[PE] 특권·권한과 지속성,IDT-PE-02.3,신원 기반 지속성,메일함 규칙·위임·전달 설정 악용,,,"지속성, 수집, 은닉",인력,SaaS,"T1114.003, T1564.008, T1098.002","SAT1023, SAT1022",,,상,중,높음,46,실제 사고 확인,2,0,12,0,"IDI-029, IDI-030","CL-PE-04, CL-ST-01, CL-CO-05",,,
[PE] 특권·권한과 지속성,IDT-PE-03,신원 통제 무력화,감사 로그·조건부 액세스·MFA 정책 무력화,,,방어 무력화,특권,클라우드 IdP · SaaS,"T1556.009, T1685.002, T1556.006",,,,중,중,보통,64,실사용 기법 포함,0,0,6,0,,"CL-PE-02, CL-DI-01",,OT-EV-03,
[NH] 비인간 신원(NHI),IDT-NH-01.1,장기·과다 권한 비밀,장기 액세스 키·API 키·토큰 악용,,,"초기 침투, 지속성",NHI,클라우드 인프라 · SaaS · 개발·CI/CD,"T1078.004, T1552.001, T1550.001","SAT1004, SAT1005","NHI2, NHI5, NHI7",,상,상,매우 높음,6,실제 사고 확인,10,1,58,1,"IDI-020, IDI-039, IDI-081, IDI-084, IDI-108, IDI-110, IDI-113, IDI-114, IDI-115, IDI-116","CL-IA-07, CL-CA-05","AI-07-01, AI-07-02",,SCT-SC-02.3
[NH] 비인간 신원(NHI),IDT-NH-01.2,장기·과다 권한 비밀,비밀·자격증명 교체·폐기 실패,,,지속성,NHI · 특권,SaaS · 개발·CI/CD · 통신,"T1078.004, T1550.001",,"NHI1, NHI7",63B-LIFE,상,중,높음,30,실제 사고 확인,8,3,24,0,"IDI-016, IDI-020, IDI-040, IDI-042, IDI-069, IDI-109, IDI-113, IDI-114",,,,SCT-SC-02.3
[NH] 비인간 신원(NHI),IDT-NH-02.1,서비스 계정·워크로드 ID,서비스 계정 악용·사람의 비인간 신원 사용,,,"초기 침투, 권한 상승",NHI · 특권,SaaS · 클라우드 IdP · 온프레미스 AD,"T1078.002, T1078.004",,"NHI10, NHI5, NHI9",,상,상,매우 높음,15,실제 사고 확인,4,0,51,0,"IDI-019, IDI-022, IDI-038, IDI-094",,,,
[NH] 비인간 신원(NHI),IDT-NH-02.2,서비스 계정·워크로드 ID,워크로드 ID 과다 권한·신뢰 설정 오류,,,"권한 상승, 자격증명 접근",NHI,클라우드 인프라 · 개발·CI/CD,"T1552.005, T1078.004",,"NHI4, NHI5, NHI6, NHI8",,중,중,보통,59,실제 사고 확인,1,0,23,0,IDI-112,"CL-CA-06, CL-PV-01",,,SCT-SC-02.2
[NH] 비인간 신원(NHI),IDT-NH-03.1,OAuth 앱·SaaS 연동,SaaS 연동 앱 토큰 탈취와 연쇄 접근,,,"자격증명 접근, 횡적 이동",NHI,SaaS · 개발·CI/CD,"T1528, T1550.001, T1199","SAT1027, SAT1036, SAT1001","NHI3, NHI7",63C-TRUST,상,상,매우 높음,22,실제 사고 확인,2,1,19,0,"IDI-037, IDI-106","CL-PE-03, CL-IA-06",AI-07-02,,SCT-CS-03.1
[NH] 비인간 신원(NHI),IDT-NH-03.2,OAuth 앱·SaaS 연동,악성·과다 권한 OAuth 앱 등록·권한 부여,,,"지속성, 권한 상승",NHI · 특권,클라우드 IdP · SaaS,"T1671, T1098.003, T1098.001","SAT1016, SAT1036, SAT1033",NHI5,,상,상,매우 높음,12,실제 사고 확인,4,1,7,0,"IDI-017, IDI-027, IDI-034, IDI-036",CL-PE-03,,,
[NH] 비인간 신원(NHI),IDT-NH-04,AI 에이전트 신원·위임,AI 에이전트 신원·위임 권한 악용,,,"실행, 수집",NHI,SaaS · 개발·CI/CD,"T1550.001, T1528",,"NHI4, NHI5, NHI8",,중,중,보통,54,실제 사고 확인,1,1,16,0,IDI-117,,"AI-07-01, AI-07-03, AI-07-05, AI-06-01",,SCT-DE-03.2
[LC] 수명주기·거버넌스·내부자,IDT-LC-01.1,계정 수명주기 결함,퇴사자·휴면·미사용 계정과 권한 미회수,,,"초기 침투, 지속성",인력 · 특권 · NHI,원격 접속 · SaaS · 클라우드 IdP · CIAM·고객 서비스,"T1078, T1078.002",,NHI1,63B-LIFE,상,중,높음,36,실제 사고 확인,5,1,84,0,"IDI-014, IDI-042, IDI-078, IDI-094, IDI-103",,,,
[LC] 수명주기·거버넌스·내부자,IDT-LC-01.2,계정 수명주기 결함,협력사·외주·게스트 계정 악용,,,초기 침투,인력,원격 접속 · 클라우드 IdP · SaaS,"T1199, T1078",SAT1046,,63A-IAL,상,중,높음,29,실제 사고 확인,9,1,66,0,"IDI-002, IDI-006, IDI-009, IDI-010, IDI-018, IDI-048, IDI-079, IDI-082, IDI-085",CL-IA-06,,OT-IA-02,SCT-CS-02.3
[LC] 수명주기·거버넌스·내부자,IDT-LC-02.1,내부자 위협,내부자의 정상 권한 오남용·반출,,,"수집, 반출",인력 · 특권,SaaS · CIAM·고객 서비스 · 클라우드 인프라,"T1078, T1530, T1213",SAT1037,,,상,상,매우 높음,11,실제 사고 확인,5,1,70,0,"IDI-042, IDI-048, IDI-101, IDI-102, IDI-103",CL-CO-04,,,
[LC] 수명주기·거버넌스·내부자,IDT-LC-02.2,내부자 위협,외부의 내부자 매수·포섭,,,"초기 침투, 수집",인력,CIAM·고객 서비스 · SaaS,"T1078, T1684.001",,,,상,상,매우 높음,21,실제 사고 확인,2,1,77,0,"IDI-001, IDI-012",,,,
[LC] 수명주기·거버넌스·내부자,IDT-LC-03,채용·온보딩 신원 사기,위장 취업(도용·위조 신원으로 정규 계정 획득),,,초기 침투,인력,원격 접속 · 클라우드 IdP,"T1585, T1078",,,"63A-IAL, 63A-FRAUD",상,중,높음,43,실제 사고 확인,2,1,70,0,"IDI-104, IDI-105",,AI-01-07,,SCT-DE-01.2
[CI] 고객 계정·본인확인(CIAM),IDT-CI-01,고객 계정 대량 탈취,고객 계정 대량 크리덴셜 스터핑,,,"자격증명 접근, 초기 침투",고객,CIAM·고객 서비스,"T1110.004, T1078",SAT1011,,"63B-PWD, 63B-RL, 63B-AAL",상,상,매우 높음,9,실제 사고 확인,9,1,66,0,"IDI-044, IDI-045, IDI-046, IDI-050, IDI-051, IDI-052, IDI-053, IDI-054, IDI-055",CL-CA-01,,,
[CI] 고객 계정·본인확인(CIAM),IDT-CI-02,통신 가입자 인증 체계 침해,통신 가입자 인증 체계 침해(유심 인증 정보·불법 기지국),,,"자격증명 접근, 수집",고객,통신,"T1557, T1111",,,63B-OOB,상,상,매우 높음,20,실제 사고 확인,2,2,12,0,"IDI-040, IDI-041",,,,
[CI] 고객 계정·본인확인(CIAM),IDT-CI-03.1,명의 도용·본인확인 우회,명의 도용·합성 신원 계정 개설,,,"자원 개발, 초기 침투",고객,CIAM·고객 서비스,"T1585, T1585.003",,,"63A-IAL, 63A-FRAUD",상,중,높음,45,실제 사고 확인,2,0,9,0,"IDI-061, IDI-062",,AI-01-07,,
[CI] 고객 계정·본인확인(CIAM),IDT-CI-03.2,명의 도용·본인확인 우회,eKYC·얼굴 인증 우회(딥페이크·주입 공격),,,초기 침투,고객,CIAM·고객 서비스,T1684.001,,,"63A-FRAUD, 63A-IAL",상,중,높음,41,실제 사고 확인,3,0,19,0,"IDI-060, IDI-061, IDI-062",,"AI-01-07, AI-04-04",,
[IM] 영향·확산,IDT-IM-01,계정 장악 기반 금전 사기,계정 장악 기반 금전 사기(BEC·송금·사칭 게시),,,영향,인력 · 고객,SaaS · CIAM·고객 서비스,"T1657, T1114.002, T1586.002",,,63B-PR,상,상,매우 높음,2,실제 사고 확인,20,2,26,0,"IDI-012, IDI-013, IDI-029, IDI-030, IDI-034, IDI-041, IDI-047, IDI-051, IDI-053, IDI-054, IDI-055, IDI-056, IDI-058, IDI-059, IDI-060, IDI-061, IDI-063, IDI-101, IDI-113, IDI-116",CL-IM-05,AI-01-08,,SCT-IM-04
[IM] 영향·확산,IDT-IM-02,신원 장악 후 랜섬웨어·파괴,신원 장악 후 랜섬웨어·파괴(도메인·테넌트 전체),,,영향,특권,온프레미스 AD · 클라우드 IdP · 클라우드 인프라,"T1486, T1485, T1490",,,,상,상,매우 높음,3,실제 사고 확인,17,2,3,0,"IDI-005, IDI-008, IDI-009, IDI-010, IDI-014, IDI-015, IDI-021, IDI-022, IDI-023, IDI-028, IDI-032, IDI-088, IDI-090, IDI-092, IDI-096, IDI-097, IDI-125","CL-IM-01, CL-IM-02",,OT-IM-02,SCT-IM-05
[IM] 영향·확산,IDT-IM-03,계정 기반 대량 데이터 탈취·갈취,계정 기반 대량 데이터 탈취·갈취,,,"수집, 반출, 영향",인력 · NHI · 고객,SaaS · CIAM·고객 서비스 · 클라우드 인프라,"T1530, T1213, T1114.002","SAT1037, SAT1039, SAT1033",,,상,상,매우 높음,1,실제 사고 확인,47,10,11,0,"IDI-001, IDI-006, IDI-011, IDI-012, IDI-015, IDI-016, IDI-017, IDI-018, IDI-021, IDI-026, IDI-027, IDI-035, IDI-036, IDI-037, IDI-038, IDI-040, IDI-042, IDI-043, IDI-044, IDI-045, IDI-048, IDI-049, IDI-050, IDI-052, IDI-064, IDI-065, IDI-069, IDI-070, IDI-071, IDI-074, IDI-079, IDI-084, IDI-085, IDI-086, IDI-089, IDI-101, IDI-102, IDI-103, IDI-105, IDI-106, IDI-107, IDI-108, IDI-109, IDI-111, IDI-112, IDI-117, IDI-126","CL-CO-01, CL-CO-04, CL-IM-05",,OT-IM-06,SCT-IM-03
[IM] 영향·확산,IDT-IM-04,계정 접근 차단·관리자 축출,계정 접근 차단·관리자 축출과 계정 연동 파괴,,,영향,특권 · 고객,클라우드 IdP · 온프레미스 AD · CIAM·고객 서비스,"T1531, T1485",,,63B-RECOV,상,중,높음,42,실제 사고 확인,3,0,8,0,"IDI-001, IDI-023, IDI-057",CL-IM-03,,OT-IR-06,
[IM] 영향·확산,IDT-IM-05,연쇄 계정 탈취,공급업체·플랫폼 경유 고객 계정 연쇄 탈취,,,"횡적 이동, 영향",NHI · 인력,SaaS · 클라우드 IdP · 개발·CI/CD,"T1199, T1550.001","SAT1029, SAT1008",NHI3,63C-TRUST,상,상,매우 높음,4,실제 사고 확인,17,2,14,0,"IDI-004, IDI-019, IDI-020, IDI-030, IDI-037, IDI-039, IDI-072, IDI-073, IDI-075, IDI-076, IDI-077, IDI-080, IDI-081, IDI-083, IDI-084, IDI-086, IDI-106",CL-IA-06,AI-06-07,,"SCT-IM-01.2, SCT-CS-03.1"
