도메인,PHT-ID,위협분류,세부위협,핵심 요약,요약설명,공격 단계,위협 주체,적용 프로파일,ATT&CK,ITKB 관측 기법,발생가능성,심각도,위험도,우선순위,근거 수준,실제 사고 수,국내 실제 사고,최근 사고,정부 경보,ATT&CK 사례 수,관련 사례 ID,NIST,ISO 27001,ISMS-P,CERT,참고 문헌,아이덴티티 연계,공급망 연계,OT 연계,클라우드 연계,AI 연계
[RC] 정찰·표적 선정,PHT-RC-01,공개정보 기반 인물·조직·시설 파악,공개정보 기반 핵심 인력·조직·시설 파악,경력 프로필·채용 공고·위치 기록 등 공개정보로 핵심 인력·시설 표적 선정,"- 공격자는 업무용 SNS 경력, 채용 공고, 논문·보도자료, 운동 기록 앱처럼 조직이 통제하지 못하는 공개정보로 핵심 기술 인력·보안 인가자와 시설 위치를 골라낼 수 있음 - 열람 자체는 합법이라 막을 수 없고, 표적 명단은 위장 접근·포섭·침입 단계에 가서야 드러남",정찰,외부자,반도체·방산 · 제조·연구 · 기반시설 · 공공·연구기관,"T1589.003, T1591.001, T1591.004, T1593.001",,상,중,높음,29,실제 사고 확인,3,0,0,0,10,"PHI-011, PHI-077, PHI-097","AC-22, AT-2(3), PM-16","5.7, 6.3",2.2.4,"1, 7","NPSA-HR, NPSA-SI",,SCT-DE-01.2,,,
[RC] 정찰·표적 선정,PHT-RC-02,현장 답사(적대적 정찰),시설 주변 촬영·관찰과 보안 체계 탐색(현장 답사),시설 주변 배회·반복 촬영으로 경비 체계·출입 동선 파악(적대적 정찰),"- 공격자는 시설 주변을 배회하거나 반복 촬영하고 출입 절차·경비 반응을 떠보며 침입·감시·사보타주 계획에 필요한 정보를 모을 수 있음 - 정찰 단계는 피해가 없어 신고·대응이 느슨하지만, 이때 알아채면 이후 단계 전체를 끊을 수 있는 가장 이른 탐지 지점임",정찰,외부자,기반시설 · 반도체·방산 · 공공·연구기관,,,상,중,높음,20,실제 사고 확인,6,1,2,0,0,"PHI-015, PHI-048, PHI-062, PHI-069, PHI-070, PHI-072","PE-6, PE-6(1), PM-16","7.1, 7.4",2.4.1,,"NPSA-HR, ISO-22341",,,,,
[RC] 정찰·표적 선정,PHT-RC-03.1,위장 접촉을 통한 정보 수집,온라인 위장 프로필 접근(헤드헌터·연구자·싱크탱크 사칭),헤드헌터·연구자·싱크탱크로 위장한 온라인 프로필의 핵심 인력 접근,"- 공격자는 업무용 SNS에서 헤드헌터·연구자·싱크탱크 직원으로 위장한 프로필로 채용·강연·자문 기회를 미끼 삼아 핵심 기술 인력과 보안 인가자에게 접근할 수 있음 - 정상 구인·교류와 구별이 어렵고, 관계가 쌓인 뒤 유료 보고서 요청·해외 초청·대면 포섭으로 넘어가야 위험이 드러남","정찰, 접근",외부자,반도체·방산 · 공공·연구기관 · 제조·연구,"T1585.001, T1593.001, T1598",,상,중,높음,35,실제 사고 확인,2,0,0,2,11,"PHI-010, PHI-097","AT-2(3), PM-16","6.3, 6.8",2.2.4,"7, 9","NPSA-TBYL, NPSA-TR",,SCT-DE-01.2,,,AI-01-08
[RC] 정찰·표적 선정,PHT-RC-03.2,위장 접촉을 통한 정보 수집,학회·면접·거래 상담을 가장한 기술 질의,학회 초청·면접·거래 상담을 가장한 대면 질의로 공정·설계 노하우 유도,"- 공격자는 학회·강연 초청, 채용 면접, 투자·거래 상담을 명목으로 연구자·기술자를 만나 공정·설계 노하우와 연구 성과를 캐물을 수 있음 - 대화로 나가는 정보는 문서 반출처럼 남지 않고, 초청·사례금이 반복되며 협력·포섭으로 넘어가는 과정이 자연스러워 보임",정찰,외부자,제조·연구 · 반도체·방산 · 공공·연구기관,,,상,중,높음,36,실제 사고 확인,2,0,0,0,0,"PHI-012, PHI-093","AT-2(3), PM-16","5.14, 6.3, 6.6","2.2.3, 2.2.4","7, 9","NPSA-TR, NPSA-SI",,,,,
[PA] 물리 침입·접근,PHT-PA-01.1,출입통제 우회,경계 침입·보호구역 무단 진입,울타리 월담·잠금장치 훼손으로 보호구역·공항 보안구역 무단 진입,"- 공격자는 울타리·외곽 경계를 넘거나 업무 종료 뒤 비어 있는 출입문의 잠금장치를 훼손해 시설 보호구역·공항 보안구역에 들어올 수 있음 - 경계가 넓고 야간·무인 시간대가 길어 감지가 늦으며, 진입 뒤 장치 설치·반출·사보타주로 피해가 커짐",접근,외부자,기반시설 · 공공·연구기관 · 반도체·방산,,,상,중,높음,26,실제 사고 확인,4,2,0,0,0,"PHI-042, PHI-047, PHI-089, PHI-096","PE-3, PE-6, PE-6(1), CA-8(3)","7.1, 7.2, 7.4","2.4.1, 2.4.2",,"ISO-22341, NPSA-HR",,,,,
[PA] 물리 침입·접근,PHT-PA-01.2,출입통제 우회,출입증 대리 사용·위조·동반 진입(테일게이팅),출입증 대리 태그·위조·동반 진입으로 통제구역 출입과 출입 기록 조작,"- 공격자나 내부자는 동료에게 출입증을 대신 찍게 하거나 위조 출입증, 앞사람을 뒤따르는 동반 진입으로 통제구역에 들어가거나 출입 기록을 꾸밀 수 있음 - 출입 기록이 실제 체류와 달라지면 반출·이탈을 숨기는 알리바이가 되고, 동료 간 호의로 시작되어 위반으로 인식되지 않음",접근,외부자 · 내부자(악의) · 내부자(비의도) · 공모,제조·연구 · 반도체·방산 · 일반기업,,,중,중,보통,40,실제 사고 확인,1,0,0,0,0,PHI-035,"PE-2, PE-3, PE-6","7.2, 7.4",2.4.2,"3, 12",CISA-ITMG,,,,,
[PA] 물리 침입·접근,PHT-PA-02,방문자·협력업체 위장 출입,방문객·택배·협력업체 직원 위장 출입,택배원·구직자·행사 참석자 사칭으로 시설에 들어가 내부 공간 접근,"- 공격자는 택배원·구직자·협력업체 직원·행사 참석자를 사칭해 접견구역을 지나 사무 공간·회의실까지 들어올 수 있음 - 방문 응대는 친절을 우선해 출입 목적 확인이 생략되기 쉽고, 위장 출입은 장치 설치·정보 수집이 끝난 뒤에야 드러남",접근,외부자,일반기업 · 제조·연구 · 공공·연구기관 · 기반시설,T1684.001,,상,중,높음,33,실제 사고 확인,2,0,0,0,0,"PHI-044, PHI-045","PE-2, PE-3, PE-8","7.2, 7.3","2.4.2, 2.4.5",,NPSA-HR,,,,,
[PA] 물리 침입·접근,PHT-PA-03.1,악성 장치·매체 반입,위장 출입자의 악성 장치 내부망 연결,위장 출입자가 사내 단자에 원격 접속 장치를 몰래 연결해 내부망에 상주,"- 공격자는 위장 출입 뒤 회의실·업무 책상의 네트워크 단자나 단말에 이동통신 모뎀이 달린 소형 장치를 몰래 연결해 밖에서 내부망에 접속할 수 있음 - 장치가 경계 방화벽을 거치지 않는 별도 통신 경로를 만들어 네트워크 감시에 잘 걸리지 않고, 물리 접근 한 번이 조직 전체 침해로 커짐","접근, 지속",외부자,일반기업 · 기반시설 · 공공·연구기관,"T1200, T1091",,중,상,높음,38,실제 사고 확인,1,0,0,0,29,PHI-045,"PE-3, SC-41, CM-8(3)","7.2, 7.8","2.4.6, 2.10.7",,,,,"OTC-IA-04, OT-IA-05",,
[PA] 물리 침입·접근,PHT-PA-03.2,악성 장치·매체 반입,우편·사은품으로 위장한 악성 USB 장치 투입,감사 편지·사은품으로 위장한 악성 USB 장치를 우편 발송해 업무 PC 감염,"- 공격자는 공공기관·유명 기업을 사칭한 우편물이나 사은품에 키보드처럼 동작하는 악성 USB 장치를 넣어 보내, 받은 사람이 업무 PC에 꽂게 만들 수 있음 - 주운 장치를 선의로 연결하는 사람이 많아 교육만으로는 막기 어렵고, 키보드로 인식되는 장치는 일반 저장매체 통제를 비켜 감","접근, 실행",외부자,일반기업 · 기반시설 · 반도체·방산,"T1200, T1091",,중,중,보통,41,실제 사고 확인,1,0,0,0,29,PHI-046,"AT-2, MP-7, SC-41","6.3, 7.10","2.2.4, 2.10.7",9,,,,OTC-IA-04,,
[PA] 물리 침입·접근,PHT-PA-04,출장·원격근무 환경의 장비 접근,출장지·숙소·국경 검색에서 업무 단말 접근·복제,출장지 호텔·국경 검문에서 업무 단말 접근·감시 앱 설치·자료 복제,"- 공격자는 출장자가 묵는 호텔의 네트워크나 객실에 둔 단말, 국경 검문 과정을 이용해 업무 노트북·휴대폰에 악성코드·감시 앱을 심거나 저장 자료를 복제할 수 있음 - 출장 중에는 조직의 보안 통제 밖에서 단말을 다뤄 이상을 알아채기 어렵고, 감염된 단말이 돌아와 사내 접속 수단이 됨","접근, 반출",외부자,반도체·방산 · 공공·연구기관 · 제조·연구,,,상,중,높음,34,실제 사고 확인,2,0,0,0,0,"PHI-084, PHI-085","AC-19, AC-19(5), PE-17","6.7, 7.9",2.10.6,13,NPSA-SI,,,,,
[PA] 물리 침입·접근,PHT-PA-05,배송·설치·정비 과정 접근,배송·설치·정비 과정의 장비 변조·장치 추가,배송·설치·정비 과정에서 장비에 문서에 없는 통신 장치 추가·부품 변조,"- 공격자나 제3자는 장비가 배송·설치·정비되는 과정에서 문서에 없는 통신 모뎀·무선 장치를 붙이거나 부품을 바꿔 원격 접속 경로를 만들 수 있음 - 도입 장비는 정상 납품물로 믿고 내부 구성을 확인하지 않아, 분해 점검이나 이상 통신 분석이 없으면 드러나지 않음","접근, 지속",외부자 · 제3자,기반시설 · 반도체·방산,T1195.003,,중,중,보통,44,실사용 기법 포함,0,0,0,1,0,,"MA-5, PE-16, SR-10, SR-11","5.19, 5.21, 7.13","2.3.3, 2.4.5",6,,,,"OTC-IA-07, OTC-IA-08",,
[SV] 감시·도청·무단촬영,PHT-SV-01.1,드론·무인기,드론으로 시설·장비 무단 촬영,시판 드론으로 울타리 밖에서 시설 배치·함정·정부 청사 무단 촬영,"- 공격자는 시판 드론을 울타리 밖이나 시설 상공에 띄워 시설 배치·옥외 설비·정박 함정·정부 청사를 촬영하고 영상을 온라인에 올릴 수 있음 - 비행이 몇 분이면 끝나고 조종자가 멀리 있어 현장에서 붙잡기 어려우며, 관광·취미 촬영이라는 해명과 구별하기 어려움","정찰, 실행",외부자,기반시설 · 반도체·방산 · 공공·연구기관,,,상,중,높음,22,실제 사고 확인,5,2,0,0,0,"PHI-049, PHI-050, PHI-051, PHI-052, PHI-060","PE-6, PE-6(1), PM-16","7.1, 7.4",2.4.1,,"NPSA-CUAS, CISA-UAS",,,,,
[SV] 감시·도청·무단촬영,PHT-SV-01.2,드론·무인기,통제 공역·시설 상공 드론 무단 비행·반복 출현,공항·원전·군 기지 상공 드론 반복 출현으로 운항 중단·충돌 위험,"- 공격자는 공항·원전·군 기지 같은 통제 공역에 드론을 반복해 띄워 운항을 멈추게 하거나 시설 대응을 떠볼 수 있고, 부주의한 취미 비행도 항공기와 충돌할 수 있음 - 야간·원거리 비행은 기체와 조종자를 확인하기 어려워 대부분 배후가 특정되지 않고, 목격 신고만으로도 활주로를 닫아야 해 피해가 커짐","접근, 영향",외부자,기반시설 · 공공·연구기관,,,상,중,높음,16,실제 사고 확인,10,0,3,0,0,"PHI-053, PHI-054, PHI-055, PHI-056, PHI-057, PHI-058, PHI-059, PHI-060, PHI-061, PHI-098","CP-2, IR-4, PE-6","5.24, 7.4","2.4.1, 2.11.1",,"NPSA-CUAS, CISA-UAS",,,,,
[SV] 감시·도청·무단촬영,PHT-SV-02.1,은닉 촬영·도청 장비,시설·회의실·교통로에 은닉 카메라·도청기 설치,회의실·집무실과 철도·물류 경로에 위장 카메라·도청 장비를 숨겨 장기 수집,"- 공격자는 회의실·집무실이나 철도·물류 경로 주변에 일상 사물로 위장한 카메라·도청 장비를 숨겨 두고 대화·이동 정보를 장기간 수집할 수 있음 - 설치 뒤에는 공격자가 현장에 없어 발견 전까지 피해가 이어지고, 메신저로 모집한 현지인이 설치하면 배후 추적이 어려움","실행, 지속",외부자 · 공모,공공·연구기관 · 반도체·방산 · 기반시설,,,상,상,매우 높음,12,실제 사고 확인,3,0,1,0,0,"PHI-014, PHI-069, PHI-071","PE-3, PE-6","7.3, 7.4, 7.6","2.4.1, 2.4.5",,,,,,,
[SV] 감시·도청·무단촬영,PHT-SV-02.2,은닉 촬영·도청 장비,착용형·위장형 소형 촬영 장비로 몰래 촬영,시계·안경형 소형 카메라를 보안 구역에 들고 들어가 화면·문서 몰래 촬영,"- 공격자나 포섭된 내부자는 시계·안경·펜 모양의 소형 카메라를 보안 구역에 들고 들어가 단말 화면·문서·설비를 몰래 찍을 수 있음 - 일상 소지품과 구별이 어려워 반입 검색을 지나치기 쉽고, 촬영물은 장치에 저장되어 네트워크 감시에 걸리지 않음",실행,내부자(악의) · 외부자 · 공모,반도체·방산 · 공공·연구기관 · 제조·연구,,,상,중,높음,31,실제 사고 확인,2,1,1,0,0,"PHI-008, PHI-069","PE-3, PE-6, PL-4","7.6, 7.7","2.4.6, 2.4.7",3,,,,,,
[SV] 감시·도청·무단촬영,PHT-SV-03.1,무선·전자파 신호,근접 무선 접속·가로채기(Wi-Fi·가짜 기지국),시설 근처 차량·인접 건물에서 사내 Wi-Fi 침투·가짜 기지국으로 통신 가로채기,"- 공격자는 시설 근처 차량·호텔이나 먼저 침해한 인접 건물의 장비로 사내 Wi-Fi에 접속하거나, 가짜 접속망·가짜 기지국을 띄워 임직원 통신과 자격증명을 가로챌 수 있음 - 무선은 벽을 넘어 닿아 출입통제가 소용없고, Wi-Fi는 인터넷 노출 자원과 달리 MFA 없이 열리는 경우가 많아 원격 침투 통제를 비켜 감","접근, 실행",외부자,공공·연구기관 · 일반기업 · 기반시설,"T1669, T1557, T1040",,상,중,높음,21,실제 사고 확인,5,1,2,1,2,"PHI-048, PHI-062, PHI-063, PHI-065, PHI-069","AC-18, SC-40, SI-4(14)",7.8,2.6.1,,,,,"OTC-IA-06, OTC-CO-10",,
[SV] 감시·도청·무단촬영,PHT-SV-03.2,무선·전자파 신호,전자파·음향 등 부채널 정보 유출,망분리 단말의 전자파·음향 신호를 근거리에서 받아 자료 유출,"- 공격자는 이미 감염시킨 망분리 단말이나 암호 장비가 내는 전자파·음향 같은 부수 신호를 근처에서 받아 파일·키 입력·암호 키를 빼낼 수 있음 - 공개 사례는 연구 실증이 대부분이고 최초 감염·근접 수신이 전제되어 위험은 제한적이지만, 망분리만 믿는 시설은 이 경로의 통제가 비어 있음",실행,외부자,공공·연구기관 · 반도체·방산,,,중,하,낮음,45,실증·공개 취약점,0,0,0,0,0,,"PE-19, PE-19(1)",7.8,2.4.3,,,,,,,
[SV] 감시·도청·무단촬영,PHT-SV-04.1,화면·문서 노출과 폐기물,화면·휴대 문서 노출과 원거리 촬영,들고 다니는 기밀 문서·노트북 화면이 망원렌즈·어깨 너머로 노출,"- 공격자는 공개 장소·이동 중에 드러난 기밀 문서나 노트북 화면을 망원렌즈로 찍거나 어깨 너머로 볼 수 있음 - 노출은 짧은 순간이라 당사자가 알아채기 어렵고, 사진 한 장이 공개되면 작전·계획을 바꿔야 할 만큼 피해가 생김",실행,외부자 · 내부자(비의도),공공·연구기관 · 일반기업,,,중,중,보통,42,실제 사고 확인,1,0,0,0,0,PHI-076,"AC-11, MP-5",7.7,2.4.7,9,,,,,,
[SV] 감시·도청·무단촬영,PHT-SV-04.2,화면·문서 노출과 폐기물,폐기 문서·장비에서 정보 회수,제대로 파기하지 않은 폐기 서버·하드디스크·문서에서 정보 회수·재판매,"- 공격자나 처리 업체는 완전히 지우지 않고 버린 서버·하드디스크·단말과 파쇄하지 않은 문서에서 고객·기술 정보를 되살려 쓰거나 팔 수 있음 - 폐기 뒤에는 자산이 목록에서 빠져 추적이 끊기고, 처리 업체가 되팔면 유출 사실을 수년 뒤에야 알게 됨","실행, 반출",외부자 · 제3자,일반기업 · 공공·연구기관,,,중,중,보통,43,실제 사고 확인,1,0,0,0,0,PHI-078,"MP-6, SR-12","7.10, 7.14",2.10.7,,,,,,,
[HU] 인적 포섭·사회공학,PHT-HU-01.1,금전·협박·관계 기반 포섭,금전 제공으로 재직자 포섭·매수,금전·가상화폐를 대가로 재직자·군 인력을 포섭해 기밀·내부 접근 확보,"- 공격자는 빚이나 불만이 있는 재직자, 군·정보기관 인력에게 돈·가상화폐를 주고 기밀 문서·사진을 받거나 내부 시스템에 악성코드를 심게 할 수 있음 - 매수된 내부자는 정상 권한으로 움직여 접근 통제에 걸리지 않고, 대가가 가상화폐로 오가면 자금 추적도 늦음","접근, 내부자화",외부자 · 공모,반도체·방산 · 공공·연구기관 · 제조·연구,T1650,T1650,상,상,매우 높음,6,실제 사고 확인,7,2,1,0,0,"PHI-006, PHI-007, PHI-008, PHI-009, PHI-010, PHI-012, PHI-013","AT-2(2), PM-12, PS-3","6.1, 6.3, 6.8","2.2.1, 2.2.4","2, 4, 9","NPSA-DEF, NPSA-IRMF",IDT-LC-02.2,,,,
[HU] 인적 포섭·사회공학,PHT-HU-01.2,금전·협박·관계 기반 포섭,협박·약점·관계를 이용한 포섭,해외 체류 중 체포·약점·이성 관계를 빌미로 한 공직자·군 인력 포섭,"- 공격자는 해외 체류 중 체포·조사, 약점 노출, 이성 관계 같은 상황을 만들어 공직자·군 인력·재외 인력을 협박하거나 관계에 기대 포섭할 수 있음 - 피해자가 처벌·평판을 두려워해 신고를 꺼리므로 발견이 늦고, 관계가 이어지는 동안 내부 자료가 계속 나감","접근, 내부자화",외부자,공공·연구기관 · 반도체·방산,,,상,상,매우 높음,15,실제 사고 확인,2,2,0,0,0,"PHI-009, PHI-094","AT-2(2), PM-12, PS-3","6.3, 6.8",2.2.4,"4, 5, 9","NPSA-DEF, NPSA-IRMF",,,,,
[HU] 인적 포섭·사회공학,PHT-HU-01.3,금전·협박·관계 기반 포섭,SNS 구인으로 일회성 대리인 모집(감시·사보타주),메신저 구인으로 현지인을 일회성 대리인으로 모집해 감시·방화·사보타주,"- 공격자는 메신저·SNS 구인 글로 돈이 필요한 현지인을 모집해 시설 촬영·카메라 설치·방화 같은 일을 건당 보수로 맡길 수 있음 - 대리인은 배후를 모른 채 움직여 붙잡혀도 윗선 추적이 어렵고, 평범한 주민이라 정찰 단계에서 의심받지 않음","접근, 실행",외부자,기반시설 · 일반기업,,,상,중,높음,27,실제 사고 확인,3,0,0,0,0,"PHI-014, PHI-015, PHI-070","IR-6, PE-6, PM-16","5.7, 7.4",2.11.1,,NPSA-HR,,,,,
[HU] 인적 포섭·사회공학,PHT-HU-02,인재 영입 위장(브로커 스카우트),브로커·위장 법인을 통한 핵심 인력 영입,헤드헌터·제3국 위장 법인을 통한 핵심 엔지니어 집단 영입과 기술 이전,"- 공격자는 헤드헌팅 업체·제3국 위장 법인·숨은 지분 사무소를 내세워 높은 연봉으로 핵심 엔지니어를 집단 영입하고, 이직 전후에 공정 자료를 함께 가져오게 할 수 있음 - 이직 자체는 합법이라 막기 어렵고, 기술은 사람의 기억·노하우와 함께 옮겨져 유출 시점·범위를 입증하기 어려움","접근, 내부자화",외부자 · 공모,반도체·방산 · 제조·연구,,,상,상,매우 높음,5,실제 사고 확인,7,4,3,0,0,"PHI-016, PHI-017, PHI-020, PHI-023, PHI-026, PHI-080, PHI-081","PM-12, PS-4(1), PS-6","6.2, 6.5, 6.6","2.2.3, 2.2.5","5, 20, 21",NPSA-SI,,,,,
[HU] 인적 포섭·사회공학,PHT-HU-03,연구·산학 협력 위장,공동연구·인재 유치 프로그램을 가장한 연구 성과 획득,해외 인재 유치 프로그램·공동연구로 위장해 국가 R&D 성과·연구 데이터 획득,"- 공격자는 해외 인재 유치 프로그램·겸직 교수직·공동연구를 내세워 연구자에게 연구비·직위를 주고 국가 R&D 성과와 연구 데이터를 넘겨받을 수 있음 - 정상적인 학술 교류와 겉모습이 같아 구별이 어렵고, 겸직·외부 지원 사실을 숨기면 기관이 이해 상충을 알 수 없음","접근, 내부자화",외부자 · 내부자(악의),공공·연구기관 · 반도체·방산,,,상,중,높음,25,실제 사고 확인,4,1,0,0,0,"PHI-012, PHI-021, PHI-022, PHI-082","PM-12, PS-6","5.14, 5.32, 6.6",2.2.3,6,NPSA-TR,,,,,
[HU] 인적 포섭·사회공학,PHT-HU-04,대면·방문 사칭,대면·방문 사칭으로 정보·협조 획득,투자자·관계자를 사칭한 대면 면담·방문으로 내부 정보와 협조 획득,"- 공격자는 투자자·고객·감독기관·본사 관계자를 사칭해 직원을 직접 만나거나 방문해 내부 정보를 캐묻고 출입·자료 제공 같은 협조를 받아 낼 수 있음 - 대면 신뢰와 예의 때문에 신분 확인을 요구하기 어렵고, 면담이 끝난 뒤에야 사칭이 드러남","접근, 실행",외부자,일반기업 · 공공·연구기관,T1684.001,,중,중,보통,39,실제 사고 확인,1,0,0,0,0,PHI-093,"AT-2(3), PE-8","6.3, 7.2",2.2.4,9,,"IDT-SE-02.1, IDT-SE-02.2",,,,
[HU] 인적 포섭·사회공학,PHT-HU-05.1,투자·합작 위장 기술 획득,지분 투자·인수 후 기술·인력 이전,지분 투자·인수로 얻은 경영권을 이용한 핵심 기술·인력 해외 이전,"- 공격자는 지분 투자·인수로 경영권이나 이사회 영향력을 얻은 뒤 합법적 지시의 형식으로 핵심 기술 자료와 연구 인력을 해외 본사로 옮길 수 있음 - 대주주의 정당한 권한처럼 보여 내부 통제가 작동하지 않고, 이전된 기술은 회사가 쇠퇴해도 되돌릴 수 없음","접근, 반출",외부자,반도체·방산 · 제조·연구,,,중,상,높음,37,실제 사고 확인,1,1,0,1,0,PHI-019,,"5.31, 5.32",,6,NPSA-SI,,,,,
[HU] 인적 포섭·사회공학,PHT-HU-05.2,투자·합작 위장 기술 획득,합작·위탁생산·거래 상담을 가장한 기술 자료 요구,합작·위탁생산·투자 유치를 내세워 공장 설계·공정 자료를 넘겨받아 복제,"- 공격자는 합작 투자·위탁생산·장비 수출 상담을 내세워 공장 설계 자료·공정 배치도·장비 사양을 요구하거나, 위장 법인을 거쳐 협력사 자료를 넘겨받을 수 있음 - 거래 형식이라 자료 제공이 정상 업무로 보이고, 생산 라인 전체를 복제할 수 있는 자료가 한 번에 나감","정찰, 반출",외부자 · 공모,반도체·방산 · 제조·연구,,,상,상,매우 높음,10,실제 사고 확인,4,3,0,0,0,"PHI-018, PHI-024, PHI-028, PHI-032",PS-6,"5.14, 5.20, 5.32",2.3.2,6,NPSA-SI,,,,,
[IN] 위장취업·내부자,PHT-IN-01.1,위장취업,도용·위조 신분으로 원격 개발직 위장취업,도용·위조 신원과 딥페이크 면접으로 원격 개발직에 위장취업해 내부 접근,"- 공격자는 도용·위조한 신원과 딥페이크 면접으로 원격 IT 개발직에 채용되어 정규 직원 권한으로 소스코드·내부 시스템에 접근하고 급여를 빼돌릴 수 있음 - 채용 뒤에는 정상 직원이라 접근 통제에 걸리지 않고, 한 조직이 여러 기업에 동시에 들어가 갈취·자료 반출로 피해가 번짐",내부자화,외부자 · 내부자(악의),일반기업 · 제조·연구,"T1078, T1585","T1078, T1585",상,상,매우 높음,11,실제 사고 확인,3,0,1,2,1,"PHI-001, PHI-002, PHI-003","IA-12, PM-12, PS-3",6.1,2.2.3,4,"NPSA-DEF, NPSA-IRMF","IDT-LC-03, IDT-SE-04",,,,
[IN] 위장취업·내부자,PHT-IN-01.2,위장취업,업무 장비 대리 수령·원격 조작(랩톱 팜),지급 노트북을 조력자가 대신 받아 모아 두고 해외에서 원격 조작(랩톱 팜),"- 공격자는 현지 조력자에게 회사 지급 노트북을 대신 받게 하고 한곳에 모아 원격 접속 도구로 해외에서 조작해, 현지에서 근무하는 것처럼 꾸밀 수 있음 - 장비가 현지 주소·현지 인터넷으로 접속해 위치 기반 통제를 통과하고, 조력자의 집은 평범한 가정집이라 드러나지 않음","내부자화, 지속",외부자 · 공모,일반기업 · 제조·연구,T1219,T1219,상,중,높음,30,실제 사고 확인,2,0,1,0,0,"PHI-001, PHI-003","AC-17, CM-8, PE-20","5.9, 6.7, 7.9",2.6.6,13,,IDT-LC-03,,,,
[IN] 위장취업·내부자,PHT-IN-02.1,악의적 재직 내부자,재직자의 기밀·기술 자료 무단 수집·유출,재직자가 정상 권한으로 기밀·설계 자료를 모아 외국 업체·정보기관에 유출,"- 악의적 재직자는 업무상 가진 권한으로 기밀 문서·설계·공정 자료를 오랜 기간 모아 외국 업체·정보기관에 넘기거나 경쟁사 이직에 쓸 수 있음 - 정상 권한 안의 행위라 접근 통제가 막지 못하고, 동료의 목격이나 대량 접근 분석이 없으면 수년 뒤에야 드러남","실행, 반출",내부자(악의),반도체·방산 · 공공·연구기관 · 제조·연구,"T1005, T1078, T1213","T1005, T1078, T1213",상,상,매우 높음,2,실제 사고 확인,13,4,1,0,0,"PHI-007, PHI-009, PHI-019, PHI-021, PHI-028, PHI-035, PHI-037, PHI-039, PHI-040, PHI-079, PHI-082, PHI-083, PHI-100","AC-6, AU-13, PM-12, PS-8","5.10, 5.12, 6.4","2.2.2, 2.2.6","3, 12, 14, 19","NPSA-DEF, NPSA-IRMF",IDT-LC-02.1,,,,
[IN] 위장취업·내부자,PHT-IN-02.2,악의적 재직 내부자,재직자의 설비·제품·시스템 사보타주,불만을 품은 재직자의 설비 밸브 조작·제어 코드 무단 변경·장비 파손,"- 악의적 재직자는 설비 구조와 정상 출입 권한을 이용해 밸브 조작·제어 코드 무단 변경·장비 파손으로 생산·발전 설비를 멈추게 할 수 있음 - 정당한 출입 사유가 있는 사람이라 범인을 특정하기 어렵고, 해고·승진 탈락 같은 사건 직후 갑자기 일어나 대비할 시간이 짧음","실행, 영향",내부자(악의),기반시설 · 제조·연구,T1485,T1485,상,상,매우 높음,13,실제 사고 확인,3,0,0,0,0,"PHI-043, PHI-099, PHI-100","AC-5, PE-3, PM-12","5.3, 6.4, 7.4","2.2.2, 2.4.5","5, 15, 17",NPSA-DEF,,,OTC-IM-10,,
[IN] 위장취업·내부자,PHT-IN-03.1,퇴직·이직자,퇴직·이직 직전 자료 대량 반출,퇴직·이직 직전 출력·촬영·저장장치로 공정·설계 자료를 대량 반출,"- 악의적 내부자는 퇴직·이직을 앞두고 아직 살아 있는 접근 권한으로 공정·설계 자료를 대량으로 출력·촬영하거나 저장장치에 담아 경쟁 업체로 가져갈 수 있음 - 퇴직 처리 전까지는 정상 직원이라 막기 어렵고, 명절 연휴처럼 감시가 느슨한 때를 고르면 이직 뒤에야 드러남",반출,내부자(악의),반도체·방산 · 제조·연구 · 공공·연구기관,"T1074, T1078, T1213","T1074, T1078, T1213",상,상,매우 높음,3,실제 사고 확인,8,5,1,0,0,"PHI-023, PHI-024, PHI-025, PHI-026, PHI-027, PHI-029, PHI-033, PHI-036","AU-13, PM-12, PS-4","5.11, 6.5",2.2.5,"14, 19, 20",NPSA-IRMF,"IDT-LC-01.1, IDT-LC-02.1",SCT-IM-03,,,
[IN] 위장취업·내부자,PHT-IN-03.2,퇴직·이직자,이직·창업 후 전 직장 기술 재현·사용,이직·창업 뒤 전 직장 공정 노하우·도면으로 경쟁 장비·공장 재현,"- 퇴직자는 머릿속 노하우와 반출한 도면으로 이직한 회사나 직접 세운 회사에서 전 직장의 공정·장비를 재현하거나, 해외 업체에 기술을 넘기고 대가를 받을 수 있음 - 퇴직 뒤에는 조직의 통제가 닿지 않고 경쟁 제품이 나와야 알게 되며, 재현 기술과 독자 개발을 구분해 입증하기 어려움","반출, 영향",내부자(악의),반도체·방산 · 제조·연구,,,상,상,매우 높음,9,실제 사고 확인,5,4,0,0,0,"PHI-016, PHI-018, PHI-024, PHI-029, PHI-030","PS-4(1), PS-6","6.5, 6.6","2.2.3, 2.2.5",20,NPSA-SI,,,,,
[IN] 위장취업·내부자,PHT-IN-04,협력사·파견 인력,협력사·파견·외주 인력의 현장 자료 반출,협력사·파견·외주 인력이 공동 개발 현장에서 자료·시험 장비를 들고 나감,"- 협력사·파견·외주 인력은 공동 개발·위탁 업무로 들어온 현장에서 업무 범위를 넘는 자료를 저장장치에 담거나 시험 장비를 가방에 넣어 들고 나갈 수 있음 - 원청 직원보다 보안 서약·교육·반출 검사가 느슨하고, 계약이 끝나면 원청의 통제가 닿지 않음",반출,제3자,반도체·방산 · 제조·연구 · 기반시설,"T1078, T1199","T1078, T1199",상,중,높음,17,실제 사고 확인,8,4,2,0,0,"PHI-013, PHI-030, PHI-031, PHI-032, PHI-034, PHI-038, PHI-075, PHI-079","PE-3, PS-7","5.19, 5.20, 7.6","2.3.2, 2.3.3, 2.3.4",6,NPSA-SI,IDT-LC-01.2,,,,
[IN] 위장취업·내부자,PHT-IN-05.1,비의도 내부자,저장매체·문서·장비 분실과 부주의 방치,암호화하지 않은 USB·기밀 문서를 길에서 잃어버리거나 방치해 노출,"- 비의도 내부자는 보안 정보·개인정보가 담긴 USB나 기밀 문서를 들고 다니다 잃어버리거나 아무 데나 두어, 외부인이 줍고 열어 볼 수 있게 만들 수 있음 - 악의가 없어 감시 대상에서 빠지기 쉽고, 분실을 늦게 알거나 신고하지 않으면 언론 보도로 처음 드러남",반출,내부자(비의도) · 제3자,공공·연구기관 · 기반시설 · 일반기업,,,상,중,높음,28,실제 사고 확인,3,0,0,0,0,"PHI-073, PHI-074, PHI-075","MP-5, SC-28","5.10, 7.9, 7.10","2.4.6, 2.10.7","8, 9","NPSA-DEF, CISA-ITMG",,,,,
[IN] 위장취업·내부자,PHT-IN-05.2,비의도 내부자,부주의한 공개·노출로 민감 정보 누설,위치 기록 앱 공개·기밀 문서 노출 같은 부주의로 시설·작전 정보 누설,"- 비의도 내부자는 운동 기록 앱의 위치 공개, 기밀 문서를 보이게 든 채 이동하는 행동 같은 부주의로 시설 위치·작전 정보를 외부에 드러낼 수 있음 - 본인은 노출을 알지 못하고, 한 사람 한 사람의 작은 노출이 모이면 시설 배치·활동 패턴 같은 큰 정보가 됨",반출,내부자(비의도),공공·연구기관 · 반도체·방산 · 기반시설,,,상,중,높음,32,실제 사고 확인,2,0,0,0,0,"PHI-076, PHI-077","AC-22, AT-2, PL-4","6.3, 7.7","2.2.4, 2.4.7","7, 9","NPSA-DEF, CISA-ITMG",,,,,
[EX] 자산·정보 반출,PHT-EX-01,저장매체·장비 반출,이동식 저장매체·업무 단말 무단 반출,USB·외장 디스크·SD 카드와 업무 노트북으로 설계·연구 자료를 통째로 반출,"- 내부자는 USB·외장 디스크·SD 카드나 업무 노트북에 설계·연구 자료를 담아 출입 검색을 지나 밖으로 가져갈 수 있음 - 저장장치는 작아 숨기기 쉽고 용량 제약이 거의 없어 자료를 통째로 옮길 수 있으며, 망분리 환경에서도 매체 통제가 비면 그대로 나감",반출,내부자(악의) · 제3자 · 내부자(비의도),반도체·방산 · 공공·연구기관 · 제조·연구,"T1052, T1052.001","T1052, T1052.001",상,상,매우 높음,4,실제 사고 확인,8,3,0,0,7,"PHI-010, PHI-033, PHI-034, PHI-037, PHI-039, PHI-073, PHI-075, PHI-094","MP-7, PE-16, SC-41","5.14, 7.10","2.4.6, 2.10.7",19,CISA-ITMG,IDT-LC-02.1,SCT-IM-03,,CL-EF-02,
[EX] 자산·정보 반출,PHT-EX-02,출력물·문서 반출,출력물·수기 기록·도면 반출,기밀 문서 출력·손으로 옮겨 적기·도면 지참으로 디지털 반출 통제 우회,"- 내부자는 기밀 문서를 여러 번에 나눠 출력하거나 화면의 공정 수치를 손으로 옮겨 적어, 디지털 반출 탐지를 피해 밖으로 가져갈 수 있음 - 출력·필기는 업무 중 흔한 행동이라 의심받지 않고, 핵심 공정 수치처럼 압축된 정보는 종이 몇 장으로도 충분히 나감",반출,내부자(악의) · 내부자(비의도),반도체·방산 · 공공·연구기관 · 제조·연구,,,상,중,높음,23,실제 사고 확인,4,2,1,0,0,"PHI-025, PHI-026, PHI-040, PHI-074","MP-5, PE-5, PE-16","5.13, 7.7","2.4.6, 2.4.7",19,,,,,,
[EX] 자산·정보 반출,PHT-EX-03,촬영·기록 반출,휴대폰·카메라로 화면·문서·설비 촬영 반출,휴대폰·태블릿으로 보안 화면·도면·설비를 촬영해 망분리·반출 통제 우회,"- 내부자나 출입한 외부인은 휴대폰·태블릿·카메라로 보안 단말 화면, 설계 도면, 설비를 찍어 망분리·디지털 반출 통제를 거치지 않고 정보를 가져갈 수 있음 - 촬영은 몇 초면 끝나고 흔적이 업무 시스템에 남지 않으며, 연휴·야간처럼 사람이 적을 때 하면 동료의 목격도 없음",반출,내부자(악의) · 외부자,반도체·방산 · 공공·연구기관 · 제조·연구,,,상,중,높음,19,실제 사고 확인,7,3,1,0,0,"PHI-007, PHI-025, PHI-027, PHI-028, PHI-037, PHI-038, PHI-079","PE-3, PL-4","7.6, 7.7","2.4.6, 2.4.7","12, 19",,,,,,
[EX] 자산·정보 반출,PHT-EX-04,시제품·시료 반출,시제품·부품·시료 반출,시제품·회로 기판·시험 장비·생물 시료를 짐에 숨겨 반출해 역설계,"- 내부자나 출입한 외부인은 시제품·회로 기판·시험 장비나 종자·세포 같은 시료를 가방·짐에 숨겨 반출하고 측정·역설계로 설계를 복원할 수 있음 - 실물은 문서 반출 통제에서 빠지기 쉽고, 하루 빌려 측정하고 돌려놓으면 분실로도 드러나지 않음",반출,내부자(악의) · 외부자,제조·연구 · 공공·연구기관 · 반도체·방산,,,상,중,높음,24,실제 사고 확인,4,0,0,0,0,"PHI-036, PHI-038, PHI-041, PHI-042","PE-3, PE-16, PE-20","5.9, 7.2",2.4.6,"1, 19",,,,,,
[IM] 영향·피해,PHT-IM-01,핵심기술·영업비밀 유출,핵심기술·영업비밀·국가기밀 유출,국가핵심기술·영업비밀·국가기밀이 경쟁국·경쟁사로 넘어가는 회복 불가능한 손실,"- 공격자는 포섭·인력 영입·내부자 반출·투자 위장으로 국가핵심기술·영업비밀·국가기밀을 손에 넣어 경쟁 제품 개발이나 군사 정보로 쓸 수 있음 - 한 번 넘어간 기술은 되돌릴 수 없고, 피해 규모는 경쟁 제품이 나오거나 수사가 끝나야 드러나 수조 원 단위에 이르기도 함",영향,외부자 · 내부자(악의) · 공모 · 제3자,반도체·방산 · 제조·연구 · 공공·연구기관,,,상,상,매우 높음,1,실제 사고 확인,23,13,2,0,0,"PHI-007, PHI-009, PHI-010, PHI-016, PHI-018, PHI-019, PHI-021, PHI-025, PHI-026, PHI-027, PHI-028, PHI-029, PHI-030, PHI-031, PHI-032, PHI-035, PHI-036, PHI-037, PHI-040, PHI-042, PHI-079, PHI-082, PHI-083","IR-4, PM-12, RA-3","5.12, 5.26, 5.32",2.11.5,"1, 22",NPSA-SI,,SCT-IM-03,OTC-IM-12,,
[IM] 영향·피해,PHT-IM-02,사보타주·설비 손상,사보타주·설비 손상,철도 신호·통신 케이블 절단·방화와 내부자 조작으로 설비 손상·운행 마비,"- 공격자나 내부자는 철도 신호 설비·통신 케이블·물류 창고를 훼손하거나 불을 지르고, 설비 밸브를 조작해 기반시설·생산 설비를 손상시킬 수 있음 - 선로·케이블처럼 넓게 퍼진 설비는 모두 지킬 수 없고, 이중화한 설비도 여러 곳을 동시에 훼손하면 멈춰 복구에 시간이 걸림",영향,외부자 · 내부자(악의),기반시설 · 제조·연구,,,상,상,매우 높음,8,실제 사고 확인,5,0,0,0,0,"PHI-015, PHI-043, PHI-066, PHI-067, PHI-099","CP-2, PE-6, PE-9","7.5, 7.11, 7.12","2.4.3, 2.4.4",,NPSA-TOP,,,"OTC-IM-10, OT-IM-05",,
[IM] 영향·피해,PHT-IM-03,시설 운영 방해,공항·기반시설 운영 중단·방해,드론 출현·설비 훼손으로 공항 활주로·철도 운행·원전 가동 중단,"- 공격자는 공항 주변 드론 비행, 철도 신호·통신 설비 훼손, 발전 설비 조작으로 공항·철도·발전소 운영을 멈추게 할 수 있음 - 안전 때문에 의심 신호만으로도 운영을 멈춰야 하고, 배후가 확인되지 않아 같은 방해가 반복될 수 있음",영향,외부자,기반시설,,,상,상,매우 높음,7,실제 사고 확인,6,0,2,0,0,"PHI-043, PHI-053, PHI-054, PHI-055, PHI-066, PHI-067","CP-2, IR-4, PE-6","5.29, 5.30",2.12.1,,"NPSA-CUAS, CISA-UAS",,,"OTC-IM-03, OTC-IM-05, OT-IM-01",,
[IM] 영향·피해,PHT-IM-04,안전·인명 위협,안전·인명 위협,"통제 공역의 드론과 항공기 충돌, 설비 훼손으로 생기는 인명·안전 위협","- 공격자나 부주의한 조종자는 공항 접근 공역·비행 제한 구역에 드론을 띄워 항공기와 충돌하게 하거나, 설비 훼손으로 작업자·승객의 안전을 위협할 수 있음 - 충돌 위치에 따라 경미한 손상에서 대형 참사까지 갈 수 있고, 사고 전에는 위험이 비행 기록·목격 신고로만 드러남",영향,외부자 · 내부자(악의) · 내부자(비의도),기반시설 · 공공·연구기관,,,상,상,매우 높음,14,실제 사고 확인,2,0,1,0,0,"PHI-061, PHI-098","CP-2, IR-4","5.29, 7.5",2.12.1,,CISA-UAS,,,"OTC-IM-11, OT-IM-05",,
[IM] 영향·피해,PHT-IM-05,금전·법적·평판 피해,금전·법적·평판 피해,기술 유출 소송 배상·과징금·자금 탈취와 사고 대응 비용·평판 손실,"- 공격자나 내부자의 행위는 영업비밀 소송 배상·합의금, 감독기관 과징금, 자금 탈취와 갈취, 사고 대응 비용으로 조직에 직접적인 금전·법적 피해를 줄 수 있음 - 피해 확정까지 수년이 걸리고, 가해 측 처벌과 별개로 관리 소홀이 드러나면 피해 조직도 제재·평판 손실을 입음",영향,외부자 · 내부자(악의) · 내부자(비의도) · 제3자,일반기업 · 반도체·방산 · 제조·연구,,,상,중,높음,18,실제 사고 확인,8,1,1,0,0,"PHI-001, PHI-013, PHI-020, PHI-023, PHI-024, PHI-045, PHI-073, PHI-078","IR-4, RA-3","5.26, 5.31",2.11.5,,,,,,,
